01-dec-2016 00:00,3,0.0,0,2.2,0,1.8,1.2,6.6,93,1034.5,2,7,2,270,10,0,0.0,13000,999,3
01-dec-2016 01:00,3,0.0,0,0.4,0,0.3,0.0,6.2,98,1034.0,2,8,2,270,10,0,0.0,6000,999,3
01-dec-2016 02:00,3,0.0,0,0.6,0,0.5,0.2,6.3,98,1033.9,2,8,2,270,10,0,0.0,7000,999,3
01-dec-2016 03:00,3,0.0,0,0.1,1,-0.1,-0.5,5.9,96,1033.5,2,8,2,270,10,0,0.0,7000,999,3
01-dec-2016 04:00,3,0.0,0,1.5,0,1.2,0.6,6.4,94,1033.3,2,9,2,270,10,0,0.0,9000,999,3
01-dec-2016 05:00,3,0.0,0,0.0,1,-0.2,-0.7,5.9,96,1033.1,2,8,2,270,10,0,0.0,6000,999,3
01-dec-2016 06:00,3,0.0,0,0.0,1,-0.2,-0.7,5.9,96,1033.0,2,8,2,270,10,0,0.0,6000,999,3
01-dec-2016 07:00,3,0.0,0,0.4,0,0.1,-0.4,5.9,94,1032.9,2,9,2,270,10,0,0.0,7000,999,3
01-dec-2016 08:00,3,0.0,0,0.9,0,0.6,0.0,6.1,94,1032.8,2,9,2,270,10,0,0.0,6000,999,3
01-dec-2016 09:00,3,0.0,0,0.8,0,0.6,0.2,6.2,96,1032.9,2,8,2,270,10,0,0.4,7000,999,2
01-dec-2016 10:00,0,0.0,0,0.9,0,0.7,0.3,6.3,96,1033.0,2,9,2,270,10,0,1.0,12000,999,2
01-dec-2016 11:00,0,0.0,0,1.7,0,1.5,1.1,6.6,96,1033.1,2,9,2,270,10,0,1.0,8000,999,1
01-dec-2016 12:00,0,0.0,0,3.0,0,2.7,2.3,7.2,95,1032.6,2,10,2,270,10,0,1.0,8000,999,1
01-dec-2016 13:00,0,0.0,0,4.6,0,4.0,3.2,7.6,90,1032.0,2,9,2,270,10,0,1.0,9000,999,1
01-dec-2016 14:00,0,0.0,0,5.2,0,4.5,3.5,7.9,89,1031.4,2,8,2,270,10,0,1.0,12000,999,1
01-dec-2016 15:00,0,0.0,0,5.1,0,4.3,3.2,7.7,87,1031.1,2,7,2,270,2,11,1.0,16000,999,1
01-dec-2016 16:00,0,0.0,0,2.8,0,2.3,1.5,6.8,91,1031.0,2,7,2,270,2,11,0.5,18000,999,1
01-dec-2016 17:00,0,0.0,0,2.3,0,2.0,1.5,6.8,95,1030.9,2,7,2,270,2,11,0.0,18000,999,1
01-dec-2016 18:00,3,0.0,0,0.4,0,0.2,-0.3,6.0,96,1031.0,2,6,2,280,10,0,0.0,7000,999,1
01-dec-2016 19:00,3,0.0,0,1.5,0,1.2,0.7,6.4,94,1031.2,2,9,2,270,10,0,0.0,12000,999,1
01-dec-2016 20:00,3,0.0,1,-0.4,1,-0.6,-1.0,5.7,96,1031.2,2,7,2,270,10,0,0.0,6000,999,1
01-dec-2016 21:00,3,0.0,0,0.3,0,0.1,-0.3,6.0,96,1031.1,2,6,2,260,10,0,0.0,7000,999,1
01-dec-2016 22:00,3,0.0,1,-0.1,1,-0.2,-0.5,5.9,98,1030.9,2,8,2,270,10,0,0.0,6000,999,1
01-dec-2016 23:00,3,0.0,1,-1.2,1,-1.3,-1.5,5.5,98,1030.5,2,6,2,280,11,0,0.0,2500,999,2
02-dec-2016 00:00,3,0.0,1,-2.2,1,-2.3,-2.5,5.1,98,1030.6,2,4,2,290,11,0,0.0,2000,999,2
02-dec-2016 01:00,3,0.0,1,-1.5,1,-1.6,-1.7,5.4,98,1030.2,2,6,2,260,46,41,0.0,600,999,3
02-dec-2016 02:00,3,0.0,1,-1.2,1,-1.3,-1.4,5.5,98,1030.1,2,5,2,270,42,42,0.0,800,35,6
02-dec-2016 03:00,3,0.0,1,-1.0,1,-1.1,-1.4,5.6,98,1030.1,2,6,2,280,28,41,0.0,4000,35,6
02-dec-2016 04:00,3,0.0,1,-0.4,1,-0.5,-0.8,5.8,98,1029.7,2,6,2,270,10,22,0.0,8000,35,7
02-dec-2016 05:00,0,0.0,0,0.3,0,0.1,-0.2,6.0,96,1029.7,2,7,2,260,10,22,0.0,8000,35,7
02-dec-2016 06:00,0,0.0,0,0.6,0,0.4,0.1,6.1,96,1029.4,2,6,2,270,10,41,0.0,8000,35,7
02-dec-2016 07:00,0,0.0,0,0.4,0,0.2,-0.1,6.0,96,1029.2,2,5,2,270,10,22,0.0,8000,35,7
02-dec-2016 08:00,0,0.0,0,1.1,0,1.0,0.7,6.5,98,1029.1,2,6,2,300,10,22,0.0,8000,35,7
02-dec-2016 09:00,0,0.0,0,2.3,0,2.1,1.8,6.9,96,1029.1,2,6,2,320,10,22,0.0,12000,35,7
02-dec-2016 10:00,0,0.0,0,3.4,0,3.0,2.5,7.3,93,1029.0,2,4,2,250,10,22,0.0,12000,35,7
02-dec-2016 11:00,0,0.0,0,3.7,0,3.2,2.4,7.3,92,1028.8,2,4,2,290,10,22,0.0,12000,35,7
02-dec-2016 12:00,0,0.0,0,4.6,0,4.1,3.4,7.8,92,1028.4,2,3,2,290,10,22,0.1,12000,35,7
02-dec-2016 13:00,0,0.0,0,6.6,0,5.5,4.1,8.1,84,1028.0,2,2,2,280,10,22,0.0,14000,40,7
02-dec-2016 14:00,0,0.0,0,7.5,0,6.2,4.5,8.4,81,1027.5,2,3,2,10,10,22,0.0,14000,42,7
02-dec-2016 15:00,0,0.0,0,7.0,0,5.8,4.2,8.3,82,1027.2,2,5,2,30,2,11,0.0,25000,40,7
02-dec-2016 16:00,0,0.0,0,6.4,0,5.1,3.3,7.7,81,1027.1,2,6,2,20,2,11,0.0,25000,35,7
02-dec-2016 17:00,0,0.0,0,6.2,0,4.7,2.5,7.3,77,1026.9,2,6,2,20,2,11,0.0,25000,32,7
02-dec-2016 18:00,2,0.0,0,5.6,0,4.7,3.4,7.8,86,1027.1,2,6,2,20,50,52,0.0,20000,35,8
02-dec-2016 19:00,2,0.0,0,5.7,0,4.8,3.5,7.9,86,1027.1,2,6,2,10,50,52,0.0,20000,35,8
02-dec-2016 20:00,2,0.0,0,6.1,0,5.3,4.3,8.3,88,1026.8,2,6,2,20,20,52,0.0,25000,35,8
02-dec-2016 21:00,0,0.0,0,5.9,0,5.3,4.4,8.4,91,1026.6,2,4,2,40,2,52,0.0,25000,32,8
02-dec-2016 22:00,0,0.0,0,5.8,0,5.1,4.1,8.2,89,1026.2,2,5,2,100,2,11,0.0,25000,32,8
02-dec-2016 23:00,0,0.0,0,6.0,0,5.0,3.5,7.9,85,1026.1,2,4,2,90,2,11,0.0,25000,35,8
03-dec-2016 00:00,0,0.0,0,5.5,0,4.6,3.4,7.8,86,1026.0,2,4,2,100,2,52,0.0,25000,35,8
03-dec-2016 01:00,0,0.0,0,5.9,0,4.9,3.4,7.9,85,1025.9,2,5,2,110,2,11,0.0,25000,40,8
03-dec-2016 02:00,0,0.0,0,6.2,0,4.5,2.0,7.1,75,1025.6,2,5,2,110,2,11,0.0,25000,40,8
03-dec-2016 03:00,0,0.0,0,5.7,0,4.5,2.7,7.5,82,1025.5,2,5,2,90,2,11,0.0,25000,40,8
03-dec-2016 04:00,0,0.0,0,5.4,0,4.4,3.0,7.6,84,1025.2,2,5,2,110,2,11,0.0,25000,40,8
03-dec-2016 05:00,0,0.0,0,7.4,0,5.3,2.4,7.2,70,1025.0,2,7,2,120,2,11,0.0,25000,40,8
03-dec-2016 06:00,0,0.0,0,7.7,0,5.5,2.5,7.3,69,1025.0,2,9,2,120,2,11,0.0,40000,40,8
03-dec-2016 07:00,2,0.0,0,7.4,0,5.2,2.1,7.1,69,1025.1,2,8,2,110,50,52,0.0,30000,40,8
03-dec-2016 08:00,2,0.0,0,7.3,0,4.9,1.5,6.7,66,1025.3,2,6,2,120,20,52,0.0,30000,42,7
03-dec-2016 09:00,2,0.0,0,6.3,0,4.4,1.6,6.8,72,1025.4,2,6,2,100,20,52,0.0,50000,40,7
03-dec-2016 10:00,2,0.0,0,6.8,0,4.5,1.1,6.6,67,1025.6,2,7,2,100,20,52,0.0,50000,40,7
03-dec-2016 11:00,2,0.0,0,7.6,0,6.0,3.8,8.1,77,1025.4,2,7,2,110,25,52,0.0,35000,38,7
03-dec-2016 12:00,2,0.0,0,7.7,0,6.1,4.1,8.1,77,1025.0,2,10,2,120,25,85,0.0,25000,42,7
03-dec-2016 13:00,2,0.0,0,7.5,0,5.9,3.8,8.0,77,1024.7,2,10,2,120,25,82,0.0,25000,50,5
03-dec-2016 14:00,2,0.0,0,6.7,0,5.4,3.7,7.9,81,1024.6,2,10,2,120,80,82,0.0,20000,22,7
03-dec-2016 15:00,0,0.2,0,6.4,0,5.4,4.1,8.2,85,1024.3,2,5,2,150,25,82,0.0,30000,50,7
03-dec-2016 16:00,2,0.0,0,6.8,0,5.6,4.0,8.1,82,1024.3,2,7,2,100,25,82,0.1,30000,40,7
03-dec-2016 17:00,2,0.0,0,6.3,0,5.0,3.3,7.7,80,1024.6,2,10,2,100,25,82,0.0,25000,40,7
03-dec-2016 18:00,2,0.0,0,6.0,0,4.8,3.0,7.6,82,1024.7,2,11,2,80,25,82,0.0,30000,40,7
03-dec-2016 19:00,0,0.0,0,6.4,0,5.1,3.3,7.7,81,1024.6,2,8,2,80,2,11,0.0,30000,35,7
03-dec-2016 20:00,2,0.0,0,6.8,0,5.2,3.1,7.6,77,1024.8,2,8,2,110,25,82,0.0,30000,32,8
03-dec-2016 21:00,0,0.0,0,6.6,0,4.9,2.6,7.3,75,1024.7,2,8,2,110,2,11,0.0,30000,40,8
03-dec-2016 22:00,0,0.0,0,5.9,0,4.6,2.7,7.4,80,1024.4,2,6,2,110,2,11,0.0,30000,34,7
03-dec-2016 23:00,0,0.0,0,6.0,0,4.6,2.5,7.4,79,1024.2,2,8,2,100,2,11,0.0,30000,32,7
04-dec-2016 00:00,0,0.0,0,6.2,0,4.5,1.9,7.1,75,1024.2,2,8,2,100,2,82,0.0,30000,30,7
04-dec-2016 01:00,0,0.0,0,5.6,0,3.9,1.4,6.7,74,1024.1,2,8,2,100,2,11,0.0,30000,32,6
04-dec-2016 02:00,0,0.0,0,2.6,0,1.6,-0.1,6.1,82,1024.0,2,8,2,110,2,11,0.0,30000,32,5
04-dec-2016 03:00,3,0.0,0,1.6,0,0.9,-0.3,6.0,87,1023.9,2,8,2,110,2,11,0.0,30000,999,4
04-dec-2016 04:00,3,0.0,0,4.4,0,2.7,0.0,6.1,72,1023.7,2,9,2,110,2,11,0.0,30000,250,5
04-dec-2016 05:00,0,0.0,0,4.7,0,3.0,0.1,6.2,73,1023.9,2,10,2,110,2,11,0.0,30000,999,4
04-dec-2016 06:00,0,0.0,0,3.7,0,2.3,-0.1,6.1,76,1023.7,2,7,2,110,2,11,0.0,30000,999,4
04-dec-2016 07:00,0,0.0,0,3.0,0,1.8,-0.4,6.0,79,1023.7,2,8,2,110,2,11,0.0,30000,999,3
04-dec-2016 08:00,0,0.0,0,2.9,0,1.8,-0.2,6.1,81,1023.6,2,9,2,100,2,11,0.0,30000,999,3
04-dec-2016 09:00,0,0.0,0,2.5,0,1.8,0.5,6.4,87,1023.6,2,8,2,100,2,11,0.2,30000,250,6
04-dec-2016 10:00,0,0.0,0,5.0,0,3.9,2.2,7.2,83,1023.2,2,9,2,100,2,11,0.0,30000,250,7
04-dec-2016 11:00,0,0.0,0,6.3,0,4.7,2.4,7.3,76,1023.3,2,10,2,110,2,11,0.0,30000,250,7
04-dec-2016 12:00,0,0.0,0,6.7,0,5.0,2.6,7.4,75,1022.8,2,9,2,100,2,11,0.1,30000,200,7
04-dec-2016 13:00,0,0.0,0,7.3,0,5.3,2.6,7.3,71,1022.4,2,9,2,110,2,11,0.1,30000,200,7
04-dec-2016 14:00,0,0.0,0,7.1,0,5.1,2.3,7.2,71,1022.0,2,6,2,100,2,11,0.1,30000,220,7
04-dec-2016 15:00,0,0.0,0,6.2,0,4.4,1.8,6.9,73,1022.0,2,6,2,80,2,11,0.0,35000,250,7
04-dec-2016 16:00,0,0.0,0,5.6,0,4.0,1.7,6.9,75,1022.0,2,6,2,70,2,11,0.0,35000,250,7
04-dec-2016 17:00,0,0.0,0,4.5,0,3.4,1.6,6.9,82,1021.8,2,6,2,60,2,11,0.0,30000,220,7
04-dec-2016 18:00,0,0.0,0,4.5,0,3.0,0.7,6.4,76,1022.0,2,7,2,80,2,11,0.0,30000,220,6
04-dec-2016 19:00,0,0.0,0,4.0,0,3.0,1.5,6.8,83,1022.2,2,7,2,90,2,11,0.0,30000,190,6
04-dec-2016 20:00,0,0.0,0,4.5,0,3.3,1.3,6.8,81,1021.7,2,9,2,100,2,11,0.0,30000,190,6
04-dec-2016 21:00,0,0.0,0,4.8,0,3.3,0.9,6.5,76,1021.7,2,11,2,110,2,11,0.0,30000,180,5
04-dec-2016 22:00,0,0.0,0,6.5,0,3.8,-0.5,5.9,61,1022.1,2,8,2,130,2,11,0.0,30000,180,5
04-dec-2016 23:00,0,0.0,0,6.0,0,3.8,0.2,6.3,67,1022.0,2,10,2,140,2,11,0.0,30000,180,5
05-dec-2016 00:00,0,0.0,0,5.8,0,3.8,0.8,6.4,70,1022.0,2,8,2,140,2,11,0.0,30000,180,5
05-dec-2016 01:00,0,0.0,0,5.6,0,4.0,1.6,6.9,75,1021.7,2,8,2,140,2,11,0.0,30000,180,6
05-dec-2016 02:00,0,0.0,0,5.1,0,3.7,1.6,6.8,78,1021.8,2,7,2,140,2,11,0.0,30000,180,6
05-dec-2016 03:00,3,0.0,0,4.3,0,3.2,1.4,6.8,82,1021.7,2,6,2,130,2,11,0.0,30000,180,6
05-dec-2016 04:00,3,0.0,0,1.9,0,1.3,0.4,6.2,89,1021.5,2,5,2,120,2,11,0.0,30000,180,7
05-dec-2016 05:00,3,0.0,0,2.6,0,2.0,1.1,6.6,89,1021.4,2,3,2,110,2,11,0.0,30000,140,7
05-dec-2016 06:00,3,0.0,0,1.9,0,1.5,0.9,6.5,93,1021.4,2,2,2,120,2,11,0.0,30000,140,7
05-dec-2016 07:00,3,0.0,0,2.3,0,2.0,1.4,6.8,95,1021.4,2,3,2,130,2,11,0.0,30000,140,7
05-dec-2016 08:00,3,0.0,0,2.3,0,1.8,1.0,6.6,91,1021.6,2,4,2,140,2,11,0.0,25000,140,7
05-dec-2016 09:00,0,0.0,0,1.5,0,1.0,0.2,6.2,91,1021.7,2,3,2,130,2,11,0.0,25000,140,7
05-dec-2016 10:00,0,0.0,0,4.9,0,4.2,3.1,7.7,89,1022.0,2,5,2,130,2,11,0.0,25000,140,7
05-dec-2016 11:00,0,0.0,0,6.1,0,4.9,3.3,7.7,82,1022.5,2,5,2,160,2,11,0.0,20000,140,8
05-dec-2016 12:00,0,0.0,0,5.1,0,4.0,2.3,7.2,83,1022.2,2,6,2,230,2,11,0.0,25000,19,7
05-dec-2016 13:00,0,0.0,0,6.4,0,4.9,2.7,7.5,78,1021.9,2,3,2,270,2,11,0.0,22000,15,7
05-dec-2016 14:00,0,0.0,0,6.1,0,4.9,3.1,7.7,82,1022.1,2,2,2,300,10,22,0.0,14000,16,8
05-dec-2016 15:00,0,0.0,0,6.1,0,5.0,3.5,7.8,83,1022.0,2,3,2,80,10,22,0.0,15000,16,8
05-dec-2016 16:00,0,0.0,0,5.8,0,4.9,3.6,7.9,86,1022.2,2,3,2,90,10,22,0.0,9000,17,8
05-dec-2016 17:00,0,0.0,0,5.0,0,4.3,3.3,7.7,89,1022.0,2,2,2,10,10,22,0.0,9000,21,7
05-dec-2016 18:00,0,0.0,0,5.7,0,5.1,4.2,8.3,91,1021.8,2,5,2,80,10,22,0.0,12000,13,7
05-dec-2016 19:00,0,0.0,0,6.5,0,6.0,5.3,8.9,92,1021.8,2,5,2,110,10,22,0.0,8000,9,8
05-dec-2016 20:00,0,0.0,0,7.3,0,6.6,5.7,9.2,90,1022.5,2,6,2,120,10,22,0.0,12000,10,8
05-dec-2016 21:00,0,0.0,0,7.1,0,6.6,6.0,9.3,93,1021.9,2,7,2,140,10,22,0.0,8000,6,8
05-dec-2016 22:00,0,0.0,0,7.3,0,6.8,6.3,9.5,93,1022.3,2,8,2,140,10,22,0.0,7000,6,8
05-dec-2016 23:00,0,0.0,0,7.3,0,6.9,6.4,9.6,94,1022.5,2,9,2,150,10,22,0.0,8000,22,8
06-dec-2016 00:00,0,0.0,0,7.8,0,7.2,6.4,9.7,91,1022.5,2,7,2,150,10,22,0.0,8000,25,8
06-dec-2016 01:00,0,0.0,0,7.6,0,7.3,6.9,10.0,96,1022.0,2,10,2,140,10,22,0.0,4500,4,8
06-dec-2016 02:00,0,0.0,0,8.1,0,8.0,7.8,10.6,99,1021.6,2,7,2,140,10,22,0.0,1500,2,8
06-dec-2016 03:00,3,0.0,0,8.5,0,8.4,8.2,10.9,99,1021.5,2,8,2,130,46,42,0.0,800,2,8
06-dec-2016 04:00,3,0.0,0,8.5,0,8.4,8.2,10.9,99,1021.0,2,7,2,130,28,42,0.0,6000,22,8
06-dec-2016 05:00,0,0.0,0,7.9,0,7.6,7.2,10.2,96,1021.1,2,5,2,140,10,22,0.0,7000,40,8
06-dec-2016 06:00,0,0.0,0,7.9,0,7.7,7.4,10.3,97,1020.7,2,4,2,120,10,42,0.0,8000,40,8
06-dec-2016 07:00,0,0.0,0,8.9,0,8.6,8.3,10.9,96,1020.5,2,7,2,140,10,22,0.0,8000,40,8
06-dec-2016 08:00,0,0.0,0,9.8,0,8.9,8.0,10.7,88,1020.8,2,9,2,140,2,11,0.0,20000,80,7
06-dec-2016 09:00,0,0.0,0,10.3,0,9.4,8.4,11.1,88,1020.8,2,9,2,150,2,11,0.0,25000,60,8
06-dec-2016 10:00,0,0.0,0,11.2,0,10.1,8.9,11.5,86,1020.8,2,10,2,150,10,22,0.0,11000,80,8
06-dec-2016 11:00,0,0.0,0,11.0,0,10.2,9.4,11.8,90,1020.5,2,14,2,150,10,22,0.0,11000,100,8
06-dec-2016 12:00,0,0.1,0,11.0,0,10.4,9.8,12.1,92,1019.8,2,16,2,140,60,62,0.0,9000,70,8
06-dec-2016 13:00,2,0.0,0,11.4,0,10.7,10.0,12.3,91,1019.3,2,13,2,150,60,62,0.0,10000,80,8
06-dec-2016 14:00,2,0.0,0,11.8,0,10.8,9.9,12.1,88,1018.5,2,13,2,150,60,62,0.0,15000,60,8
06-dec-2016 15:00,0,0.4,0,11.4,0,10.8,10.3,12.5,93,1018.3,2,15,2,150,60,62,0.0,8000,60,8
06-dec-2016 16:00,2,0.0,0,10.8,0,10.4,10.0,12.3,95,1018.4,2,11,2,130,21,65,0.0,8000,25,8
06-dec-2016 17:00,2,0.0,0,11.0,0,10.4,9.9,12.1,92,1018.5,2,7,2,150,60,62,0.0,12000,20,8
06-dec-2016 18:00,2,0.0,0,11.5,0,10.9,10.4,12.6,93,1018.3,2,7,2,140,21,65,0.0,12000,18,8
06-dec-2016 19:00,0,0.0,0,11.7,0,11.2,10.7,12.9,94,1018.4,2,5,2,150,10,22,0.0,15000,15,8
06-dec-2016 20:00,0,0.0,0,13.6,0,12.3,11.2,13.3,85,1017.9,2,7,2,190,2,11,0.0,20000,14,7
06-dec-2016 21:00,0,0.0,0,13.8,0,12.4,11.2,13.3,84,1017.7,2,8,2,150,2,11,0.0,20000,18,8
06-dec-2016 22:00,0,0.0,0,14.0,0,12.7,11.5,13.6,85,1017.5,2,8,2,150,2,11,0.0,20000,18,8
06-dec-2016 23:00,0,0.0,0,13.8,0,12.4,11.2,13.3,84,1017.6,2,7,2,200,2,11,0.0,20000,38,8
07-dec-2016 00:00,0,0.0,0,13.2,0,12.0,10.9,13.1,86,1017.1,2,7,2,150,2,11,0.0,20000,200,8
07-dec-2016 01:00,0,0.0,0,14.3,0,12.8,11.6,13.6,83,1016.7,2,11,2,150,2,11,0.0,20000,40,8
07-dec-2016 02:00,0,0.0,0,14.3,0,13.0,11.8,13.9,86,1016.5,2,7,2,150,2,11,0.0,20000,50,8
07-dec-2016 03:00,0,0.0,0,11.9,0,11.2,10.6,12.7,91,1016.1,2,13,2,150,2,11,0.0,20000,50,8
07-dec-2016 04:00,0,0.0,0,13.9,0,12.8,11.8,13.9,88,1015.7,2,10,2,140,2,11,0.0,20000,15,8
07-dec-2016 05:00,0,0.0,0,14.2,0,12.9,11.7,13.8,85,1015.2,2,11,2,130,2,11,0.0,20000,50,8
07-dec-2016 06:00,0,0.0,0,14.1,0,12.9,11.8,13.9,87,1014.8,2,14,2,200,2,11,0.0,20000,16,8
07-dec-2016 07:00,0,0.0,0,14.4,0,12.9,11.7,13.7,83,1014.6,2,13,2,210,2,11,0.0,20000,50,5
07-dec-2016 08:00,0,0.0,0,14.0,0,12.7,11.6,13.6,85,1014.4,2,15,2,210,2,11,0.0,20000,50,5
07-dec-2016 09:00,0,0.0,0,13.9,0,12.6,11.4,13.5,85,1014.8,2,16,2,210,2,11,0.0,20000,17,6
07-dec-2016 10:00,0,0.1,0,14.3,0,12.9,11.7,13.8,84,1014.1,2,22,2,200,21,62,0.1,20000,17,7
07-dec-2016 11:00,0,0.0,0,15.0,0,13.3,11.9,13.9,82,1014.7,2,19,2,200,2,11,0.0,30000,16,7
07-dec-2016 12:00,2,0.0,0,15.2,0,13.4,11.8,13.9,81,1014.5,2,17,2,200,25,86,0.0,30000,16,7
07-dec-2016 13:00,2,0.0,0,14.3,0,13.2,12.3,14.3,88,1014.4,2,15,2,200,80,82,0.0,17000,16,7
07-dec-2016 14:00,2,0.0,0,14.4,0,13.2,12.1,14.2,87,1014.3,2,14,2,210,25,82,0.0,20000,11,7
07-dec-2016 15:00,0,0.0,0,14.3,0,13.2,12.2,14.3,88,1014.5,2,15,2,200,2,82,0.0,30000,9,7
07-dec-2016 16:00,0,0.0,0,14.2,0,13.1,12.1,14.2,88,1015.2,2,11,2,200,2,11,0.0,30000,9,7
07-dec-2016 17:00,0,0.0,0,14.1,0,12.9,11.9,13.9,87,1015.6,2,12,2,200,2,11,0.0,20000,13,8
07-dec-2016 18:00,0,0.0,0,13.8,0,12.5,11.4,13.4,85,1016.3,2,12,2,210,2,82,0.0,30000,19,8
07-dec-2016 19:00,0,0.0,0,13.3,0,12.1,11.0,13.1,86,1017.1,2,13,2,220,2,11,0.0,30000,220,7
07-dec-2016 20:00,0,0.0,0,13.1,0,11.9,10.8,13.0,86,1017.8,2,13,2,220,2,11,0.0,30000,240,7
07-dec-2016 21:00,0,0.0,0,12.5,0,11.4,10.4,12.6,87,1018.3,2,12,2,220,2,11,0.0,30000,250,7
07-dec-2016 22:00,0,0.0,0,12.4,0,11.2,10.0,12.3,86,1018.4,2,8,2,200,2,11,0.0,30000,250,7
07-dec-2016 23:00,0,0.0,0,12.3,0,11.0,9.8,12.1,84,1018.6,2,8,2,200,2,11,0.0,30000,220,7
08-dec-2016 00:00,0,0.0,0,11.3,0,10.2,9.2,11.6,86,1018.9,2,6,2,200,2,11,0.0,30000,220,7
08-dec-2016 01:00,0,0.0,0,10.3,0,9.6,8.8,11.4,91,1018.8,2,6,2,210,2,11,0.0,30000,220,7
08-dec-2016 02:00,0,0.0,0,10.2,0,9.4,8.6,11.1,90,1018.4,2,5,2,210,2,11,0.0,30000,200,7
08-dec-2016 03:00,0,0.0,0,10.1,0,9.4,8.7,11.2,91,1018.5,2,4,2,220,2,11,0.0,30000,200,8
08-dec-2016 04:00,0,0.2,0,9.6,0,9.1,8.6,11.2,93,1017.8,2,3,2,220,60,62,0.0,15000,60,8
08-dec-2016 05:00,0,0.9,0,9.8,0,9.4,8.9,11.5,95,1017.8,2,3,2,100,61,66,0.0,12000,50,8
08-dec-2016 06:00,0,0.8,0,9.5,0,9.3,9.0,11.5,97,1017.7,2,4,2,340,61,62,0.0,15000,60,8
08-dec-2016 07:00,0,0.7,0,9.8,0,9.6,9.4,11.8,97,1018.2,2,5,2,310,61,66,0.0,15000,60,8
08-dec-2016 08:00,0,0.7,0,10.3,0,10.1,9.8,12.2,97,1018.7,2,6,2,250,61,66,0.0,15000,80,8
08-dec-2016 09:00,0,0.1,0,9.8,0,9.5,9.1,11.6,96,1019.4,2,10,2,270,21,62,0.0,25000,100,6
08-dec-2016 10:00,0,0.0,0,10.2,0,9.8,9.3,11.8,95,1020.3,2,10,2,260,2,11,0.8,30000,999,3
08-dec-2016 11:00,0,0.0,0,11.0,0,9.9,8.8,11.3,86,1021.0,2,11,2,240,2,11,1.0,30000,999,3
08-dec-2016 12:00,0,0.0,0,11.1,0,10.1,9.1,11.6,87,1021.3,2,10,2,250,3,62,1.0,30000,250,5
08-dec-2016 13:00,0,0.0,0,12.4,0,10.6,8.8,11.3,79,1021.4,2,8,2,230,2,11,1.0,25000,250,6
08-dec-2016 14:00,0,0.0,0,12.5,0,10.7,8.9,11.4,79,1020.9,2,6,2,220,2,11,0.7,20000,250,6
08-dec-2016 15:00,0,0.0,0,12.3,0,10.5,8.7,11.2,79,1021.4,2,5,2,210,2,11,1.0,20000,250,6
08-dec-2016 16:00,0,0.0,0,10.1,0,8.9,7.7,10.4,84,1021.8,2,4,2,210,2,11,0.1,20000,250,6
08-dec-2016 17:00,0,0.0,0,7.4,0,6.6,5.5,9.1,88,1021.8,2,5,2,130,2,11,0.0,20000,250,6
08-dec-2016 18:00,0,0.0,0,8.5,0,8.0,7.5,10.3,93,1021.8,2,5,2,160,2,11,0.0,20000,32,7
08-dec-2016 19:00,0,0.0,0,7.1,0,6.9,6.6,9.8,97,1021.1,2,5,2,140,2,11,0.0,20000,220,6
08-dec-2016 20:00,0,0.0,0,8.2,0,8.1,7.9,10.7,99,1021.4,2,5,2,150,2,11,0.0,20000,20,6
08-dec-2016 21:00,3,0.0,0,9.7,0,9.5,9.3,11.7,97,1020.4,2,8,2,140,46,42,0.0,200,2,6
08-dec-2016 22:00,3,0.0,0,9.9,0,9.6,9.3,11.7,96,1019.5,2,10,2,140,28,42,0.0,10000,220,6
08-dec-2016 23:00,3,0.0,0,11.2,0,10.2,9.3,11.6,88,1018.7,2,10,2,140,2,11,0.0,20000,200,5
09-dec-2016 00:00,0,0.0,0,12.9,0,11.5,10.1,12.4,84,1018.4,2,11,2,160,3,42,0.0,20000,80,7
09-dec-2016 01:00,3,0.0,0,11.3,0,10.9,10.5,12.7,95,1017.6,2,14,2,140,10,22,0.0,12000,17,8
09-dec-2016 02:00,3,0.0,0,11.4,0,10.9,10.4,12.6,94,1016.5,2,12,2,130,2,11,0.0,20000,20,8
09-dec-2016 03:00,3,0.0,0,13.7,0,12.2,10.9,13.0,83,1016.1,2,11,2,200,2,11,0.0,20000,14,8
09-dec-2016 04:00,0,0.0,0,13.8,0,12.4,11.2,13.3,84,1015.6,2,13,2,200,2,11,0.0,20000,18,8
09-dec-2016 05:00,2,0.0,0,13.4,0,12.4,11.6,13.6,88,1015.3,2,15,2,200,58,65,0.0,9000,16,8
09-dec-2016 06:00,2,0.0,0,13.5,0,12.3,11.3,13.3,86,1015.1,2,13,2,190,21,65,0.0,16000,16,8
09-dec-2016 07:00,0,0.0,0,13.4,0,12.2,11.1,13.2,86,1015.4,2,15,2,200,2,11,0.0,20000,16,8
09-dec-2016 08:00,0,0.0,0,13.3,0,11.8,10.4,12.6,83,1015.3,2,12,2,210,2,11,0.0,20000,130,7
09-dec-2016 09:00,0,0.0,0,13.1,0,11.6,10.3,12.5,83,1015.9,2,13,2,210,2,11,0.0,30000,140,8
09-dec-2016 10:00,0,0.0,0,13.1,0,11.5,9.9,12.3,82,1015.6,2,13,2,210,2,11,0.0,30000,120,8
09-dec-2016 11:00,0,0.0,0,13.2,0,11.6,10.1,12.4,82,1015.9,2,12,2,210,2,11,0.0,30000,100,8
09-dec-2016 12:00,0,0.0,0,13.3,0,11.6,10.1,12.3,81,1016.2,2,14,2,210,2,11,0.0,30000,100,8
09-dec-2016 13:00,2,0.0,0,12.9,0,11.4,10.0,12.3,83,1016.7,2,13,2,210,60,62,0.0,18000,90,7
09-dec-2016 14:00,2,0.0,0,12.8,0,11.3,9.8,12.2,82,1016.1,2,12,2,210,21,62,0.0,18000,80,7
09-dec-2016 15:00,0,0.2,0,12.3,0,11.2,10.1,12.4,87,1015.6,2,13,2,210,60,62,0.0,16000,60,8
09-dec-2016 16:00,2,0.0,0,12.2,0,10.5,8.9,11.3,80,1015.9,2,14,2,200,21,62,0.0,25000,120,8
09-dec-2016 17:00,0,0.0,0,11.9,0,10.1,8.3,10.9,78,1016.2,2,13,2,200,2,11,0.0,25000,100,8
09-dec-2016 18:00,0,0.0,0,11.1,0,9.7,8.3,10.9,83,1016.6,2,10,2,210,1,61,0.0,25000,999,3
09-dec-2016 19:00,0,0.0,0,11.0,0,9.7,8.3,11.0,84,1016.6,2,10,2,210,2,11,0.0,25000,999,2
09-dec-2016 20:00,0,0.0,0,11.1,0,9.6,8.1,10.7,81,1017.0,2,11,2,210,2,11,0.0,25000,999,3
09-dec-2016 21:00,0,0.0,0,10.7,0,9.3,7.9,10.6,82,1017.4,2,11,2,210,2,11,0.0,25000,999,3
09-dec-2016 22:00,0,0.0,0,10.6,0,9.2,7.8,10.5,82,1017.5,2,11,2,210,2,11,0.0,20000,999,4
09-dec-2016 23:00,0,0.0,0,10.6,0,9.4,8.1,10.8,85,1017.6,2,11,2,210,2,11,0.0,17000,250,6
10-dec-2016 00:00,0,0.0,0,10.2,0,9.2,8.1,10.8,87,1017.8,2,11,2,220,2,11,0.0,17000,999,3
10-dec-2016 01:00,0,0.0,0,9.5,0,8.7,7.8,10.6,89,1018.0,2,9,2,220,10,11,0.0,15000,999,4
10-dec-2016 02:00,3,0.0,0,9.2,0,8.5,7.7,10.5,91,1018.1,2,9,2,220,10,0,0.0,15000,999,1
10-dec-2016 03:00,3,0.0,0,8.6,0,8.0,7.4,10.2,92,1018.3,2,8,2,220,10,0,0.0,15000,999,2
10-dec-2016 04:00,3,0.0,0,7.7,0,7.2,6.6,9.8,93,1018.2,2,7,2,220,10,0,0.0,15000,999,2
10-dec-2016 05:00,3,0.0,0,7.5,0,7.0,6.5,9.6,93,1018.2,2,9,2,220,10,0,0.0,15000,999,2
10-dec-2016 06:00,3,0.0,0,7.6,0,7.0,6.2,9.5,91,1018.3,2,9,2,220,2,11,0.0,20000,999,3
10-dec-2016 07:00,0,0.0,0,8.0,0,7.2,6.2,9.5,89,1018.6,2,10,2,220,2,11,0.0,20000,210,7
10-dec-2016 08:00,0,0.0,0,8.4,0,7.4,6.3,9.5,86,1018.9,2,10,2,230,2,11,0.0,20000,200,7
10-dec-2016 09:00,0,0.0,0,8.1,0,7.2,6.1,9.4,87,1019.2,2,10,2,230,2,11,0.0,25000,200,6
10-dec-2016 10:00,0,0.0,0,8.8,0,7.6,6.3,9.5,84,1019.5,2,9,2,240,2,11,0.0,25000,200,6
10-dec-2016 11:00,0,0.0,0,9.2,0,7.9,6.4,9.6,83,1019.2,2,10,2,230,2,11,0.0,25000,140,7
10-dec-2016 12:00,0,0.0,0,9.2,0,7.9,6.4,9.6,83,1019.4,2,11,2,240,2,11,0.0,25000,100,7
10-dec-2016 13:00,0,0.0,0,9.2,0,8.0,6.6,9.8,84,1018.8,2,12,2,250,2,11,0.0,25000,100,7
10-dec-2016 14:00,0,0.0,0,9.0,0,7.9,6.6,9.8,85,1018.6,2,11,2,240,2,11,0.0,25000,100,7
10-dec-2016 15:00,0,0.0,0,9.0,0,8.0,6.8,9.9,86,1018.3,2,9,2,230,2,11,0.0,25000,200,6
10-dec-2016 16:00,0,0.0,0,8.9,0,7.9,6.8,9.8,86,1018.5,2,8,2,230,2,11,0.0,25000,999,3
10-dec-2016 17:00,0,0.0,0,7.8,0,7.2,6.4,9.7,91,1019.1,2,10,2,240,2,11,0.0,25000,999,2
10-dec-2016 18:00,0,0.0,0,7.4,0,6.9,6.2,9.5,93,1019.6,2,11,2,240,2,11,0.0,20000,999,2
10-dec-2016 19:00,0,0.0,0,7.3,0,6.6,5.7,9.2,90,1020.0,2,13,2,250,2,11,0.0,20000,999,2
10-dec-2016 20:00,0,0.0,0,7.1,0,6.3,5.3,8.9,88,1020.1,2,13,2,250,2,11,0.0,20000,999,2
10-dec-2016 21:00,0,0.0,0,6.9,0,6.2,5.3,8.9,90,1020.6,2,14,2,240,2,11,0.0,20000,999,1
10-dec-2016 22:00,3,0.0,0,6.3,0,5.8,5.1,8.8,92,1021.0,2,11,2,240,2,11,0.0,15000,999,3
10-dec-2016 23:00,3,0.0,0,6.2,0,5.6,4.8,8.6,91,1021.4,2,12,2,240,2,11,0.0,16000,999,3
11-dec-2016 00:00,3,0.0,0,5.9,0,5.4,4.8,8.6,92,1022.1,2,12,2,240,2,11,0.0,16000,999,3
11-dec-2016 01:00,3,0.0,0,6.0,0,5.6,5.0,8.8,94,1022.1,2,11,2,240,10,11,0.0,12000,999,3
11-dec-2016 02:00,3,0.0,0,6.4,0,5.9,5.2,8.9,92,1022.5,2,10,2,240,10,11,0.0,14000,250,5
11-dec-2016 03:00,3,0.0,0,6.3,0,5.8,5.2,8.8,92,1022.8,2,11,2,240,10,11,0.0,15000,999,3
11-dec-2016 04:00,3,0.0,0,6.2,0,5.7,5.1,8.8,92,1022.8,2,11,2,240,2,11,0.0,17000,999,3
11-dec-2016 05:00,3,0.0,0,6.3,0,5.8,5.1,8.8,92,1022.7,2,10,2,230,2,11,0.0,20000,10,7
11-dec-2016 06:00,3,0.0,0,6.8,0,6.3,5.6,9.1,93,1022.9,2,10,2,240,2,11,0.0,20000,10,7
11-dec-2016 07:00,3,0.0,0,7.0,0,6.4,5.6,9.1,91,1022.9,2,12,2,240,2,11,0.0,20000,11,7
11-dec-2016 08:00,0,0.0,0,7.0,0,6.4,5.6,9.1,91,1023.4,2,12,2,250,2,11,0.0,20000,180,7
11-dec-2016 09:00,0,0.0,0,6.9,0,6.4,5.7,9.2,93,1024.0,2,12,2,240,2,11,0.1,25000,180,7
11-dec-2016 10:00,0,0.0,0,7.1,0,6.5,5.8,9.2,91,1024.5,2,9,2,230,2,11,0.5,30000,180,6
11-dec-2016 11:00,0,0.0,0,7.6,0,6.9,6.0,9.4,90,1024.5,2,9,2,230,2,11,0.1,30000,140,7
11-dec-2016 12:00,0,0.0,0,8.4,0,7.3,6.0,9.3,85,1024.3,2,8,2,240,2,11,0.4,30000,120,7
11-dec-2016 13:00,0,0.0,0,8.7,0,7.6,6.2,9.6,85,1024.1,2,9,2,230,2,11,0.0,35000,200,7
11-dec-2016 14:00,0,0.0,0,8.5,0,7.2,5.7,9.1,82,1023.7,2,7,2,230,2,11,0.0,35000,220,7
11-dec-2016 15:00,0,0.0,0,8.1,0,7.0,5.6,9.1,85,1023.4,2,5,2,220,2,11,0.0,35000,240,7
11-dec-2016 16:00,0,0.0,0,7.2,0,6.2,5.0,8.7,85,1023.3,2,5,2,210,2,11,0.0,35000,240,7
11-dec-2016 17:00,3,0.0,0,5.6,0,4.9,4.0,8.1,89,1023.2,2,4,2,220,2,11,0.0,30000,240,6
11-dec-2016 18:00,3,0.0,0,4.1,0,3.7,3.1,7.6,93,1023.3,2,3,2,200,2,11,0.0,20000,250,5
11-dec-2016 19:00,3,0.0,0,5.5,0,4.9,4.1,8.2,91,1023.0,2,5,2,220,2,11,0.0,20000,250,6
11-dec-2016 20:00,3,0.0,0,5.8,0,5.0,3.9,8.1,88,1022.6,2,5,2,230,2,11,0.0,20000,250,5
11-dec-2016 21:00,3,0.0,0,6.4,0,5.5,4.3,8.3,86,1022.4,2,7,2,240,2,11,0.0,20000,250,4
11-dec-2016 22:00,3,0.0,0,5.7,0,4.7,3.4,7.7,85,1022.0,2,7,2,220,2,11,0.0,20000,250,4
11-dec-2016 23:00,3,0.0,0,3.6,0,2.9,1.9,7.0,88,1021.7,2,5,2,160,2,11,0.0,20000,250,4
12-dec-2016 00:00,3,0.0,0,2.6,0,2.2,1.5,6.8,93,1021.4,2,3,2,150,2,11,0.0,20000,250,4
12-dec-2016 01:00,3,0.0,0,0.9,0,0.8,0.5,6.4,98,1021.3,2,3,2,240,2,11,0.0,25000,250,4
12-dec-2016 02:00,3,0.0,0,0.2,0,0.1,-0.2,6.1,98,1020.4,2,1,2,250,2,11,0.0,25000,130,6
12-dec-2016 03:00,0,0.0,0,3.8,0,3.6,3.2,7.7,97,1019.8,2,4,2,140,2,11,0.0,30000,90,7
12-dec-2016 04:00,0,0.0,0,7.6,0,6.7,5.5,9.1,87,1019.2,2,10,2,140,2,11,0.0,25000,50,7
12-dec-2016 05:00,0,0.1,0,7.7,0,6.9,5.9,9.3,89,1018.6,2,7,2,140,50,52,0.0,20000,40,7
12-dec-2016 06:00,0,0.6,0,7.8,0,7.0,6.0,9.4,89,1018.3,2,7,2,150,60,65,0.0,25000,37,7
12-dec-2016 07:00,0,0.7,0,7.6,0,7.1,6.6,9.7,93,1018.0,2,6,2,140,61,66,0.0,25000,32,8
12-dec-2016 08:00,0,0.2,0,7.8,0,7.5,7.1,10.1,96,1017.7,2,5,2,130,61,66,0.0,25000,29,8
12-dec-2016 09:00,2,0.0,0,8.3,0,7.9,7.4,10.3,94,1017.5,2,7,2,140,60,62,0.0,25000,22,8
12-dec-2016 10:00,2,0.0,0,8.7,0,8.2,7.7,10.5,93,1017.4,2,8,2,140,58,65,0.0,17000,20,8
12-dec-2016 11:00,2,0.0,0,9.1,0,8.6,8.0,10.8,93,1017.0,2,9,2,140,21,65,0.0,14000,22,7
12-dec-2016 12:00,0,0.0,0,9.5,0,9.1,8.6,11.2,95,1016.5,2,9,2,140,10,65,0.0,8000,17,7
12-dec-2016 13:00,2,0.0,0,9.9,0,9.4,8.9,11.4,93,1016.3,2,8,2,140,58,65,0.0,7000,16,8
12-dec-2016 14:00,2,0.0,0,10.0,0,9.6,9.2,11.6,95,1016.1,2,5,2,150,58,65,0.0,5000,11,8
12-dec-2016 15:00,2,0.0,0,10.1,0,9.7,9.3,11.7,95,1016.0,2,3,2,160,50,65,0.0,5000,10,7
12-dec-2016 16:00,0,0.2,0,9.7,0,9.2,8.7,11.2,93,1016.3,2,5,2,250,20,52,0.0,12000,60,7
12-dec-2016 17:00,0,0.0,0,9.5,0,9.1,8.6,11.2,95,1016.6,2,6,2,260,2,11,0.0,16000,25,7
12-dec-2016 18:00,0,0.0,0,9.6,0,9.0,8.3,11.0,92,1016.7,2,4,2,230,2,65,0.0,20000,60,7
12-dec-2016 19:00,2,0.0,0,9.2,0,8.7,8.1,10.8,93,1017.0,2,3,2,170,58,65,0.0,9000,60,7
12-dec-2016 20:00,2,0.0,0,8.3,0,7.9,7.4,10.3,94,1017.1,2,4,2,140,58,65,0.0,8000,60,7
12-dec-2016 21:00,2,0.0,0,8.5,0,8.4,8.2,10.9,99,1016.9,2,5,2,100,21,65,0.0,8000,32,7
12-dec-2016 22:00,0,0.0,0,6.9,0,6.7,6.5,9.6,97,1016.6,2,6,2,130,10,22,0.0,9000,37,7
12-dec-2016 23:00,0,0.0,0,9.7,0,9.1,8.5,11.1,92,1016.5,2,8,2,140,10,22,0.0,14000,30,7
13-dec-2016 00:00,0,0.0,0,9.3,0,8.8,8.3,10.9,93,1016.3,2,8,2,140,10,65,0.0,15000,38,7
13-dec-2016 01:00,2,0.0,0,9.6,0,9.1,8.6,11.2,93,1016.0,2,9,2,130,21,65,0.0,14000,5,8
13-dec-2016 02:00,0,0.3,0,10.2,0,10.0,9.7,12.1,97,1015.1,2,10,2,140,52,52,0.0,6000,4,8
13-dec-2016 03:00,0,0.5,0,10.2,0,9.9,9.6,11.9,96,1014.8,2,12,2,140,51,65,0.0,7000,7,8
13-dec-2016 04:00,0,1.0,0,10.0,0,9.8,9.5,11.9,97,1014.2,2,12,2,130,58,65,0.0,8000,40,8
13-dec-2016 05:00,0,1.0,0,10.1,0,9.8,9.4,11.9,96,1013.8,2,13,2,140,58,65,0.0,8000,4,8
13-dec-2016 06:00,0,0.1,0,9.7,0,9.4,9.0,11.5,96,1013.4,2,15,2,130,58,65,0.0,8000,5,8
13-dec-2016 07:00,0,0.3,0,9.7,0,9.3,8.8,11.4,95,1013.3,2,16,2,140,58,65,0.0,8000,8,8
13-dec-2016 08:00,0,0.2,0,9.7,0,9.5,9.3,11.7,97,1013.1,2,16,2,140,58,65,0.0,5000,5,8
13-dec-2016 09:00,0,0.1,0,9.7,0,9.6,9.4,11.9,99,1012.7,2,15,2,130,58,65,0.0,5000,5,8
13-dec-2016 10:00,2,0.0,0,10.2,0,9.8,9.4,11.8,95,1012.6,2,11,2,140,21,65,0.3,9000,60,6
13-dec-2016 11:00,0,0.0,0,11.0,0,9.6,8.2,10.8,83,1012.4,2,11,2,140,2,11,1.0,25000,999,1
13-dec-2016 12:00,0,0.0,0,11.8,0,9.9,8.0,10.7,77,1012.1,2,10,2,150,1,65,1.0,25000,999,1
13-dec-2016 13:00,0,0.0,0,11.5,0,9.5,7.4,10.3,76,1011.9,2,8,2,150,2,11,1.0,30000,999,2
13-dec-2016 14:00,0,0.0,0,10.0,0,8.5,6.9,9.9,81,1011.3,2,8,2,150,2,11,0.3,40000,26,6
13-dec-2016 15:00,0,0.0,0,9.3,0,8.6,7.8,10.6,91,1011.1,2,10,2,130,2,11,0.0,40000,24,7
13-dec-2016 16:00,0,0.0,0,10.3,0,9.6,8.9,11.4,91,1010.8,2,10,2,130,2,11,0.0,20000,22,7
13-dec-2016 17:00,2,0.0,0,9.8,0,9.5,9.1,11.6,96,1010.7,2,10,2,130,20,52,0.0,18000,4,7
13-dec-2016 18:00,2,0.0,0,9.9,0,9.7,9.5,11.9,97,1010.6,2,11,2,120,50,51,0.0,9000,3,8
13-dec-2016 19:00,2,0.0,0,9.0,0,8.8,8.5,11.2,97,1010.2,2,10,2,120,20,52,0.0,12000,18,6
13-dec-2016 20:00,0,0.0,0,11.0,0,10.3,9.7,12.0,91,1010.1,2,9,2,170,2,11,0.0,16000,26,5
13-dec-2016 21:00,0,0.0,0,11.5,0,10.8,10.2,12.4,91,1010.2,2,12,2,140,3,52,0.0,20000,20,7
13-dec-2016 22:00,2,0.0,0,11.6,0,10.9,10.3,12.5,91,1009.8,2,12,2,110,20,52,0.0,20000,25,7
13-dec-2016 23:00,2,0.0,0,12.0,0,11.2,10.4,12.7,90,1009.3,2,10,2,130,20,52,0.0,20000,25,7
14-dec-2016 00:00,2,0.0,0,11.8,0,11.1,10.5,12.6,91,1009.3,2,12,2,130,20,52,0.0,18000,20,7
14-dec-2016 01:00,0,0.0,0,12.1,0,11.2,10.3,12.6,89,1008.9,2,10,2,150,2,11,0.0,18000,20,7
14-dec-2016 02:00,0,0.0,0,12.5,0,11.0,9.6,11.9,82,1008.3,2,9,2,150,2,11,0.0,20000,22,7
14-dec-2016 03:00,0,0.0,0,12.5,0,11.1,9.8,12.1,83,1008.2,2,14,2,160,2,11,0.0,20000,22,7
14-dec-2016 04:00,0,0.1,0,12.0,0,11.1,10.2,12.5,89,1008.1,2,17,2,170,58,65,0.0,7000,22,8
14-dec-2016 05:00,0,0.6,0,11.9,0,11.1,10.3,12.6,90,1008.4,2,13,2,180,58,65,0.0,9000,22,8
14-dec-2016 06:00,0,0.2,0,12.3,0,10.8,9.4,11.7,82,1009.1,2,12,2,170,21,65,0.0,20000,60,8
14-dec-2016 07:00,0,0.9,0,11.4,0,10.7,10.1,12.3,91,1010.1,2,9,2,160,60,62,0.0,12000,50,8
14-dec-2016 08:00,0,0.7,0,10.7,0,10.2,9.7,12.0,94,1010.8,2,6,2,150,60,62,0.0,8000,50,8
14-dec-2016 09:00,0,0.1,0,11.0,0,9.9,8.8,11.3,86,1011.3,2,7,2,180,21,62,0.0,25000,70,7
14-dec-2016 10:00,0,0.4,0,8.3,0,7.8,7.2,10.2,93,1012.8,2,8,2,290,60,62,0.0,25000,22,8
14-dec-2016 11:00,0,0.4,0,8.3,0,7.9,7.5,10.3,94,1013.3,2,7,2,270,61,66,0.0,10000,30,8
14-dec-2016 12:00,0,2.3,0,7.5,0,7.1,6.6,9.8,94,1013.8,2,9,2,250,61,62,0.0,7000,20,8
14-dec-2016 13:00,0,0.7,0,7.6,0,7.0,6.3,9.5,91,1014.8,2,9,2,300,61,66,0.0,15000,50,8
14-dec-2016 14:00,0,1.1,0,6.8,0,6.3,5.7,9.1,93,1015.3,2,9,2,300,61,66,0.0,12000,60,8
14-dec-2016 15:00,0,0.8,0,6.5,0,6.0,5.4,8.9,92,1015.6,2,6,2,310,61,66,0.0,15000,60,7
14-dec-2016 16:00,0,0.4,0,6.1,0,5.7,5.1,8.8,94,1016.4,2,4,2,320,61,66,0.0,15000,60,7
14-dec-2016 17:00,0,0.3,0,6.5,0,5.7,4.7,8.5,88,1016.9,2,1,2,280,60,62,0.0,20000,70,7
14-dec-2016 18:00,2,0.0,0,6.0,0,5.5,4.8,8.6,92,1016.2,2,4,2,120,21,62,0.0,30000,90,7
14-dec-2016 19:00,0,0.0,0,4.8,0,4.3,3.7,7.9,92,1016.6,2,3,2,120,2,11,0.0,35000,140,6
14-dec-2016 20:00,0,0.0,0,3.6,0,3.3,2.9,7.5,95,1016.7,2,2,2,290,2,11,0.0,40000,80,6
14-dec-2016 21:00,0,0.0,0,2.8,0,2.6,2.3,7.2,96,1016.4,2,2,2,290,2,11,0.0,40000,70,7
14-dec-2016 22:00,0,0.0,0,3.2,0,3.2,3.1,7.7,100,1015.8,2,2,2,310,2,11,0.0,20000,20,7
14-dec-2016 23:00,0,0.0,0,4.6,0,4.6,4.5,8.5,100,1015.3,2,4,2,90,2,11,0.0,20000,17,7
15-dec-2016 00:00,0,0.0,0,6.3,0,6.1,5.8,9.3,97,1014.4,2,4,2,110,2,11,0.0,20000,17,7
15-dec-2016 01:00,0,0.0,0,6.7,0,6.4,6.1,9.4,96,1013.7,2,2,2,120,10,22,0.0,12000,6,8
15-dec-2016 02:00,0,0.0,0,6.7,0,6.5,6.3,9.5,97,1013.0,2,2,2,130,10,22,0.0,6000,5,8
15-dec-2016 03:00,0,0.0,0,4.3,0,4.2,4.1,8.2,98,1012.6,2,3,2,150,11,11,0.0,7000,999,3
15-dec-2016 04:00,3,0.0,0,4.0,0,4.0,3.9,8.1,100,1012.3,2,4,2,250,46,42,0.0,500,3,6
15-dec-2016 05:00,3,0.0,0,4.9,0,4.8,4.6,8.5,98,1011.9,2,5,2,280,28,42,0.0,7000,22,7
15-dec-2016 06:00,0,0.0,0,6.0,0,5.8,5.6,9.1,97,1011.8,2,5,2,270,10,42,0.0,4000,4,7
15-dec-2016 07:00,0,0.0,0,5.5,0,5.2,4.9,8.6,95,1011.4,2,5,2,240,10,22,0.0,8000,9,5
15-dec-2016 08:00,0,0.0,0,4.9,0,4.7,4.5,8.4,97,1010.9,2,6,2,120,2,11,0.0,17000,999,3
15-dec-2016 09:00,0,0.0,0,7.4,0,6.6,5.6,9.1,88,1011.6,2,9,2,180,2,11,0.0,25000,22,5
15-dec-2016 10:00,0,0.0,0,8.8,0,7.8,6.7,9.8,86,1011.7,2,7,2,140,2,11,0.0,20000,20,7
15-dec-2016 11:00,0,0.0,0,9.9,0,8.7,7.4,10.3,84,1011.2,2,8,2,140,15,22,0.4,25000,250,4
15-dec-2016 12:00,0,0.0,0,11.2,0,9.3,7.2,10.2,77,1010.4,2,8,2,150,2,11,1.0,25000,999,2
15-dec-2016 13:00,0,0.0,0,11.4,0,9.6,7.6,10.5,78,1010.3,2,10,2,160,2,11,0.5,25000,999,3
15-dec-2016 14:00,0,0.0,0,11.0,0,8.5,5.7,9.1,69,1010.2,2,10,2,160,15,0,0.9,25000,999,2
15-dec-2016 15:00,0,0.0,0,10.1,0,7.9,5.2,8.9,72,1010.0,2,10,2,190,2,11,0.6,30000,999,1
15-dec-2016 16:00,0,0.0,0,8.8,0,6.9,4.5,8.4,74,1009.9,2,10,2,180,2,11,0.0,30000,999,2
15-dec-2016 17:00,0,0.0,0,8.0,0,6.9,5.6,9.1,85,1010.7,2,11,2,160,2,11,0.0,30000,200,5
15-dec-2016 18:00,0,0.0,0,8.0,0,6.9,5.6,9.1,85,1011.1,2,9,2,160,2,11,0.0,25000,200,5
15-dec-2016 19:00,0,0.0,0,7.9,0,7.1,6.1,9.4,89,1011.2,2,9,2,160,2,11,0.0,25000,999,4
15-dec-2016 20:00,0,0.0,0,8.7,0,7.8,6.8,9.9,88,1011.5,2,7,2,150,2,11,0.0,25000,70,7
15-dec-2016 21:00,0,0.1,0,8.8,0,8.2,7.6,10.4,92,1011.9,2,8,2,150,60,62,0.0,15000,50,8
15-dec-2016 22:00,0,0.5,0,9.2,0,8.5,7.7,10.5,91,1012.0,2,7,2,150,61,66,0.0,15000,20,8
15-dec-2016 23:00,0,1.2,0,8.8,0,8.0,7.1,10.1,89,1012.6,2,9,2,150,61,66,0.0,15000,20,8
16-dec-2016 00:00,0,1.1,0,9.1,0,8.7,8.3,10.9,95,1012.8,2,9,2,130,60,61,0.0,20000,20,8
16-dec-2016 01:00,0,0.1,0,9.2,0,8.8,8.3,11.0,95,1013.0,2,12,2,140,61,62,0.0,12000,16,8
16-dec-2016 02:00,0,0.3,0,9.7,0,9.3,8.8,11.4,95,1013.3,2,12,2,140,60,62,0.0,15000,16,8
16-dec-2016 03:00,0,0.4,0,9.9,0,9.4,8.9,11.4,93,1013.9,2,13,2,140,60,62,0.0,20000,13,8
16-dec-2016 04:00,2,0.0,0,9.8,0,9.3,8.8,11.3,93,1014.5,2,13,2,140,21,62,0.0,20000,50,7
16-dec-2016 05:00,2,0.0,0,9.8,0,9.4,8.9,11.5,95,1015.2,2,11,2,140,60,62,0.0,15000,14,7
16-dec-2016 06:00,0,1.6,0,9.2,0,8.9,8.5,11.2,96,1016.0,2,9,2,150,60,62,0.0,9000,10,8
16-dec-2016 07:00,0,2.0,0,7.7,0,7.5,7.2,10.2,97,1017.3,2,6,2,220,63,62,0.0,6000,8,8
16-dec-2016 08:00,0,0.9,0,7.2,0,7.0,6.7,9.9,97,1018.8,2,9,2,250,61,66,0.0,8000,6,8
16-dec-2016 09:00,0,0.5,0,6.6,0,6.2,5.8,9.2,94,1020.3,2,11,2,290,60,62,0.0,9000,8,8
16-dec-2016 10:00,2,0.0,0,6.6,0,6.2,5.7,9.2,94,1021.6,2,10,2,280,21,62,0.0,25000,40,7
16-dec-2016 11:00,0,0.2,0,6.9,0,6.4,5.8,9.2,93,1022.7,2,9,2,280,21,62,0.0,25000,50,7
16-dec-2016 12:00,2,0.0,0,7.4,0,6.8,6.1,9.4,91,1023.4,2,9,2,270,21,65,0.1,30000,60,7
16-dec-2016 13:00,2,0.0,0,7.6,0,6.8,5.9,9.2,89,1024.2,2,10,2,280,21,62,0.0,30000,60,7
16-dec-2016 14:00,0,0.0,0,7.6,0,6.8,5.9,9.2,89,1025.0,2,8,2,280,2,11,0.0,30000,90,7
16-dec-2016 15:00,0,0.0,0,7.6,0,6.9,6.0,9.4,90,1026.0,2,8,2,280,2,62,0.2,30000,90,7
16-dec-2016 16:00,0,0.0,0,6.1,0,5.6,4.9,8.7,92,1026.7,2,7,2,280,2,11,0.0,30000,100,5
16-dec-2016 17:00,0,0.0,0,5.3,0,4.8,4.2,8.2,92,1028.0,2,6,2,270,2,11,0.0,30000,999,3
16-dec-2016 18:00,3,0.0,0,4.3,0,4.1,3.9,8.0,97,1029.2,2,7,2,280,1,61,0.0,30000,999,2
16-dec-2016 19:00,3,0.0,0,3.9,0,3.7,3.3,7.8,97,1030.5,2,9,2,280,2,11,0.0,30000,999,2
16-dec-2016 20:00,3,0.0,0,2.6,0,2.4,2.2,7.1,96,1031.1,2,8,2,290,2,11,0.0,25000,999,2
16-dec-2016 21:00,3,0.0,0,3.6,0,3.4,3.0,7.6,97,1031.6,2,8,2,270,2,11,0.0,25000,999,2
16-dec-2016 22:00,3,0.0,0,3.3,0,3.0,2.6,7.3,95,1032.5,2,8,2,260,2,11,0.0,20000,999,2
16-dec-2016 23:00,3,0.0,0,3.2,0,3.0,2.6,7.4,97,1033.0,2,8,2,250,2,11,0.0,15000,999,3
17-dec-2016 00:00,3,0.0,0,3.2,0,2.8,2.3,7.1,93,1033.4,2,8,2,250,2,11,0.0,20000,999,2
17-dec-2016 01:00,3,0.0,0,3.3,0,3.0,2.6,7.3,95,1034.2,2,7,2,260,2,11,0.0,20000,999,2
17-dec-2016 02:00,3,0.0,0,3.1,0,2.7,2.2,7.1,93,1034.5,2,6,2,250,2,11,0.0,20000,999,1
17-dec-2016 03:00,3,0.0,0,3.0,0,2.6,2.1,7.0,93,1035.0,2,6,2,250,2,11,0.0,20000,999,0
17-dec-2016 04:00,3,0.0,0,2.9,0,2.4,1.7,6.9,91,1035.7,2,7,2,250,2,11,0.0,20000,999,0
17-dec-2016 05:00,3,0.0,0,3.3,0,2.8,2.1,7.1,91,1036.3,2,6,2,250,2,11,0.0,20000,999,0
17-dec-2016 06:00,3,0.0,0,2.9,0,2.4,1.5,6.9,91,1036.4,2,5,2,250,2,11,0.0,20000,999,0
17-dec-2016 07:00,3,0.0,0,3.3,0,2.5,1.1,6.7,86,1036.5,2,5,2,240,2,11,0.0,20000,999,0
17-dec-2016 08:00,3,0.0,0,2.2,0,1.6,0.6,6.4,89,1037.1,2,6,2,240,2,11,0.0,25000,999,2
17-dec-2016 09:00,3,0.0,0,3.5,0,2.6,1.1,6.6,85,1037.6,2,6,2,230,2,11,0.0,20000,200,4
17-dec-2016 10:00,0,0.0,0,3.5,0,2.7,1.3,6.8,86,1037.4,2,5,2,230,2,11,0.1,25000,200,5
17-dec-2016 11:00,0,0.0,0,4.5,0,3.5,2.0,7.0,84,1038.1,2,6,2,230,2,11,0.8,25000,200,5
17-dec-2016 12:00,0,0.0,0,6.5,0,5.0,3.0,7.5,78,1037.8,2,6,2,230,2,11,1.0,25000,200,4
17-dec-2016 13:00,0,0.0,0,7.3,0,5.5,3.1,7.6,74,1037.6,2,7,2,210,2,11,1.0,35000,200,4
17-dec-2016 14:00,0,0.0,0,7.1,0,5.3,2.8,7.5,74,1037.5,2,7,2,210,2,11,1.0,35000,200,4
17-dec-2016 15:00,0,0.0,0,6.7,0,5.1,2.8,7.5,76,1037.5,2,6,2,200,2,11,0.6,35000,250,6
17-dec-2016 16:00,0,0.0,0,5.7,0,4.4,2.4,7.3,80,1037.6,2,6,2,190,2,11,0.0,35000,250,7
17-dec-2016 17:00,0,0.0,0,5.3,0,4.2,2.5,7.4,83,1037.8,2,7,2,210,2,11,0.0,35000,250,7
17-dec-2016 18:00,0,0.0,0,5.1,0,4.1,2.6,7.4,84,1037.9,2,7,2,220,2,11,0.0,30000,240,7
17-dec-2016 19:00,0,0.0,0,5.1,0,4.1,2.6,7.4,84,1037.9,2,6,2,210,2,11,0.0,30000,240,7
17-dec-2016 20:00,0,0.0,0,4.8,0,4.0,2.8,7.5,87,1038.0,2,8,2,200,2,11,0.0,30000,240,7
17-dec-2016 21:00,0,0.0,0,5.0,0,4.1,2.8,7.5,86,1037.7,2,9,2,200,2,11,0.0,30000,200,5
17-dec-2016 22:00,0,0.0,0,5.2,0,4.3,3.1,7.6,86,1037.1,2,8,2,210,2,11,0.0,30000,200,5
17-dec-2016 23:00,0,0.0,0,5.7,0,4.7,3.2,7.7,85,1037.2,2,9,2,230,2,11,0.0,30000,200,5
18-dec-2016 00:00,0,0.0,0,6.4,0,5.1,3.4,7.7,81,1037.0,2,7,2,230,2,11,0.0,30000,200,6
18-dec-2016 01:00,0,0.0,0,6.2,0,5.0,3.3,7.8,82,1036.6,2,5,2,220,2,11,0.0,30000,200,6
18-dec-2016 02:00,0,0.0,0,6.6,0,5.3,3.4,7.9,81,1036.6,2,8,2,220,2,11,0.0,30000,200,6
18-dec-2016 03:00,0,0.0,0,6.9,0,5.5,3.6,7.9,80,1036.2,2,8,2,220,2,11,0.0,30000,200,6
18-dec-2016 04:00,0,0.0,0,7.3,0,5.8,3.9,8.0,78,1035.9,2,10,2,230,2,11,0.0,30000,130,6
18-dec-2016 05:00,0,0.0,0,7.3,0,5.9,4.0,8.2,80,1035.3,2,10,2,230,2,11,0.0,30000,130,6
18-dec-2016 06:00,0,0.0,0,7.3,0,5.8,3.9,8.0,78,1035.1,2,10,2,230,2,11,0.0,30000,130,7
18-dec-2016 07:00,0,0.0,0,7.0,0,5.7,3.9,8.1,81,1035.2,2,8,2,220,2,11,0.0,30000,200,5
18-dec-2016 08:00,0,0.0,0,6.4,0,5.3,3.7,8.0,84,1035.5,2,7,2,220,2,11,0.0,30000,200,5
18-dec-2016 09:00,0,0.0,0,6.3,0,5.2,3.6,8.0,83,1035.5,2,5,2,220,2,11,0.0,30000,200,6
18-dec-2016 10:00,0,0.0,0,7.3,0,5.8,3.8,8.0,78,1035.2,2,6,2,240,2,11,0.9,30000,200,5
18-dec-2016 11:00,0,0.0,0,8.4,0,6.6,4.2,8.3,75,1034.7,2,8,2,230,2,11,1.0,30000,200,5
18-dec-2016 12:00,0,0.0,0,8.8,0,6.9,4.4,8.4,74,1034.0,2,9,2,230,2,11,1.0,35000,200,5
18-dec-2016 13:00,0,0.0,0,8.5,0,6.6,4.1,8.2,74,1033.9,2,9,2,250,2,11,1.0,35000,230,5
18-dec-2016 14:00,0,0.0,0,8.3,0,6.4,4.0,8.1,74,1033.5,2,9,2,240,2,11,0.6,35000,250,7
18-dec-2016 15:00,0,0.0,0,7.9,0,6.4,4.4,8.4,79,1032.9,2,6,2,230,2,11,0.0,30000,250,7
18-dec-2016 16:00,0,0.0,0,6.9,0,5.7,4.2,8.2,82,1032.7,2,8,2,230,2,11,0.0,30000,250,7
18-dec-2016 17:00,0,0.0,0,6.7,0,5.7,4.4,8.4,85,1031.8,2,5,2,210,2,11,0.0,25000,250,7
18-dec-2016 18:00,0,0.0,0,6.7,0,5.5,4.0,8.1,82,1031.7,2,8,2,230,2,11,0.0,25000,250,7
18-dec-2016 19:00,0,0.0,0,6.3,0,5.3,3.9,8.1,85,1031.6,2,7,2,230,2,11,0.0,25000,250,7
18-dec-2016 20:00,0,0.0,0,5.8,0,4.9,3.7,7.9,86,1031.4,2,8,2,230,2,11,0.0,25000,250,7
18-dec-2016 21:00,0,0.0,0,6.0,0,5.1,3.8,8.1,86,1031.5,2,9,2,220,2,11,0.0,25000,250,7
18-dec-2016 22:00,0,0.0,0,6.7,0,5.6,4.1,8.2,84,1031.3,2,11,2,230,2,11,0.0,25000,16,6
18-dec-2016 23:00,0,0.0,0,6.3,0,5.4,4.1,8.2,86,1030.8,2,9,2,200,2,11,0.0,25000,200,5
19-dec-2016 00:00,0,0.0,0,5.6,0,4.8,3.6,8.0,88,1030.4,2,6,2,200,2,11,0.0,25000,200,4
19-dec-2016 01:00,0,0.0,0,5.9,0,5.1,4.0,8.1,88,1030.1,2,4,2,190,2,11,0.0,25000,200,4
19-dec-2016 02:00,0,0.0,0,6.6,0,5.5,4.0,8.1,84,1029.5,2,7,2,210,2,11,0.0,25000,160,5
19-dec-2016 03:00,0,0.0,0,6.7,0,5.7,4.5,8.4,85,1029.1,2,4,2,210,2,11,0.0,25000,160,7
19-dec-2016 04:00,0,0.0,0,6.7,0,5.7,4.4,8.4,85,1028.7,2,4,2,210,2,11,0.0,25000,160,7
19-dec-2016 05:00,0,0.0,0,7.6,0,6.6,5.4,8.9,86,1028.1,2,6,2,220,2,11,0.0,25000,160,7
19-dec-2016 06:00,0,0.0,0,7.8,0,6.9,5.8,9.2,87,1027.6,2,8,2,240,2,11,0.0,25000,140,7
19-dec-2016 07:00,0,0.0,0,8.0,0,7.1,6.1,9.4,87,1027.4,2,7,2,240,2,11,0.0,25000,20,7
19-dec-2016 08:00,0,0.0,0,8.7,0,7.8,6.8,9.9,88,1027.3,2,5,2,230,2,11,0.0,25000,13,7
19-dec-2016 09:00,2,0.0,0,8.6,0,8.1,7.5,10.4,93,1027.7,2,6,2,240,50,52,0.0,9000,22,8
19-dec-2016 10:00,2,0.0,0,8.7,0,8.2,7.7,10.5,93,1028.1,2,7,2,240,20,52,0.0,9000,6,8
19-dec-2016 11:00,2,0.0,0,8.5,0,8.1,7.7,10.5,94,1027.9,2,10,2,260,20,52,0.0,6000,5,8
19-dec-2016 12:00,2,0.0,0,8.4,0,8.1,7.8,10.6,96,1027.9,2,10,2,270,50,52,0.0,3500,4,8
19-dec-2016 13:00,2,0.0,0,8.8,0,8.1,7.3,10.2,90,1027.9,2,9,2,290,20,52,0.0,17000,27,7
19-dec-2016 14:00,0,0.0,0,8.9,0,7.9,6.8,9.8,86,1027.9,2,10,2,310,2,11,0.4,16000,200,5
19-dec-2016 15:00,0,0.0,0,8.0,0,6.8,5.4,8.9,83,1028.0,2,10,2,320,3,52,0.2,20000,16,6
19-dec-2016 16:00,0,0.0,0,6.6,0,5.7,4.5,8.4,87,1027.8,2,7,2,320,2,11,0.1,30000,999,2
19-dec-2016 17:00,0,0.0,0,3.8,0,3.2,2.2,7.2,90,1027.7,2,7,2,310,2,11,0.0,30000,999,2
19-dec-2016 18:00,3,0.0,0,1.8,0,1.5,1.1,6.6,94,1027.8,2,7,2,310,2,51,0.0,30000,999,2
19-dec-2016 19:00,3,0.0,0,1.4,0,1.2,0.9,6.5,96,1027.4,2,6,2,290,2,11,0.0,25000,999,2
19-dec-2016 20:00,3,0.0,0,0.7,0,0.6,0.3,6.3,98,1026.9,2,6,2,290,2,11,0.0,25000,999,2
19-dec-2016 21:00,3,0.0,0,0.2,0,0.1,-0.1,6.1,98,1026.5,2,6,2,300,2,11,0.0,25000,999,1
19-dec-2016 22:00,3,0.0,1,-0.4,1,-0.5,-0.8,5.8,98,1026.4,2,6,2,300,2,11,0.0,25000,999,1
19-dec-2016 23:00,3,0.0,0,0.0,1,-0.1,-0.4,6.0,98,1026.0,2,7,2,300,2,11,0.0,25000,999,1
20-dec-2016 00:00,3,0.0,0,0.1,0,0.0,-0.1,6.0,98,1025.3,2,5,2,290,10,11,0.0,8000,25,4
20-dec-2016 01:00,0,0.0,0,0.7,0,0.6,0.3,6.3,98,1024.8,2,4,2,230,10,11,0.0,8000,999,3
20-dec-2016 02:00,3,0.0,0,0.1,0,0.0,-0.3,6.0,98,1024.0,2,6,2,250,10,11,0.0,6000,30,4
20-dec-2016 03:00,3,0.0,0,0.4,0,0.3,0.2,6.2,98,1023.1,2,6,2,260,10,11,0.0,6000,25,5
20-dec-2016 04:00,3,0.0,0,0.8,0,0.7,0.6,6.3,98,1022.2,2,6,2,280,10,22,0.0,7000,25,5
20-dec-2016 05:00,3,0.0,0,0.3,0,0.2,-0.1,6.1,98,1020.8,2,6,2,270,10,22,0.0,1600,2,7
20-dec-2016 06:00,3,0.0,1,-0.7,1,-0.8,-0.9,5.7,98,1019.5,2,6,2,270,46,42,0.0,900,2,6
20-dec-2016 07:00,3,0.0,1,-0.1,1,-0.2,-0.4,5.9,98,1019.0,2,8,2,270,28,41,0.0,10000,999,2
20-dec-2016 08:00,3,0.0,0,0.8,0,0.7,0.6,6.3,98,1018.1,2,9,2,250,28,40,0.0,1500,999,2
20-dec-2016 09:00,3,0.0,0,0.9,0,0.7,0.4,6.3,96,1017.3,2,7,2,230,1,41,0.0,30000,999,1
20-dec-2016 10:00,0,0.0,0,2.8,0,2.4,1.8,6.9,93,1017.0,2,6,2,170,2,11,0.9,30000,999,1
20-dec-2016 11:00,0,0.0,0,5.5,0,4.0,1.7,6.9,77,1016.8,2,7,2,180,2,11,0.9,30000,999,3
20-dec-2016 12:00,0,0.0,0,6.0,0,4.4,2.0,7.1,76,1015.3,2,11,2,200,3,41,0.5,30000,200,6
20-dec-2016 13:00,0,0.0,0,6.3,0,4.4,1.6,6.8,72,1013.9,2,12,2,190,2,11,0.0,30000,200,7
20-dec-2016 14:00,0,0.0,0,6.9,0,4.8,1.7,6.9,70,1012.9,2,12,2,200,2,11,0.0,30000,90,7
20-dec-2016 15:00,2,0.0,0,6.7,0,4.9,2.2,7.2,74,1011.8,2,14,2,200,60,62,0.0,18000,40,7
20-dec-2016 16:00,0,0.3,0,6.4,0,5.3,3.9,8.0,84,1011.0,2,14,2,200,60,62,0.0,16000,35,7
20-dec-2016 17:00,0,0.2,0,7.0,0,5.8,4.2,8.3,82,1010.4,2,13,2,190,60,62,0.0,20000,35,7
20-dec-2016 18:00,0,0.2,0,7.1,0,6.2,5.1,8.8,87,1009.3,2,12,2,190,60,62,0.0,20000,30,7
20-dec-2016 19:00,0,0.8,0,7.5,0,6.8,6.0,9.3,90,1009.1,2,12,2,190,61,66,0.0,9000,22,8
20-dec-2016 20:00,0,0.1,0,7.6,0,7.0,6.3,9.5,91,1009.2,2,14,2,210,60,62,0.0,9000,25,8
20-dec-2016 21:00,0,0.3,0,7.5,0,7.0,6.5,9.6,93,1009.5,2,14,2,220,58,65,0.0,16000,35,8
20-dec-2016 22:00,2,0.0,0,7.4,0,6.9,6.3,9.5,93,1009.8,2,10,2,230,21,65,0.0,16000,50,8
20-dec-2016 23:00,0,0.0,0,7.0,0,6.2,5.2,8.8,88,1010.1,2,10,2,240,2,11,0.0,16000,40,8
21-dec-2016 00:00,0,0.0,0,6.5,0,5.6,4.4,8.4,87,1010.1,2,10,2,240,2,65,0.0,16000,190,8
21-dec-2016 01:00,0,0.0,0,5.7,0,4.7,3.3,7.7,85,1010.3,2,10,2,240,2,11,0.0,17000,180,8
21-dec-2016 02:00,0,0.0,0,5.6,0,4.6,3.2,7.7,84,1010.7,2,10,2,230,2,11,0.0,16000,170,8
21-dec-2016 03:00,0,0.0,0,5.6,0,4.4,2.7,7.4,81,1010.4,2,9,2,220,2,11,0.0,18000,180,7
21-dec-2016 04:00,0,0.0,0,6.4,0,4.7,2.3,7.2,75,1010.2,2,12,2,220,2,11,0.0,19000,160,7
21-dec-2016 05:00,0,0.1,0,7.4,0,5.5,2.8,7.5,73,1010.0,2,15,2,220,25,82,0.0,18000,38,7
21-dec-2016 06:00,2,0.0,0,6.8,0,5.4,3.5,7.8,79,1010.0,2,17,2,220,80,82,0.0,17000,41,7
21-dec-2016 07:00,0,0.2,0,6.5,0,5.6,4.4,8.4,87,1010.7,2,16,2,220,80,82,0.0,7000,35,7
21-dec-2016 08:00,0,1.4,0,5.6,0,4.8,3.6,8.0,88,1011.3,2,18,2,230,80,82,0.0,11000,27,7
21-dec-2016 09:00,0,0.2,0,5.5,0,4.8,3.9,8.0,89,1012.1,2,14,2,230,25,82,0.0,20000,60,7
21-dec-2016 10:00,0,0.0,0,5.5,0,4.7,3.5,7.9,87,1013.1,2,12,2,230,2,11,0.1,25000,50,5
21-dec-2016 11:00,0,0.1,0,6.2,0,5.1,3.6,7.9,83,1013.8,2,15,2,240,25,81,0.9,30000,999,3
21-dec-2016 12:00,0,0.0,0,6.5,0,5.0,2.9,7.5,78,1014.1,2,15,2,240,1,81,1.0,30000,999,2
21-dec-2016 13:00,0,0.0,0,6.8,0,5.2,2.9,7.6,77,1014.5,2,16,2,250,2,11,1.0,30000,999,2
21-dec-2016 14:00,0,0.0,0,6.5,0,5.0,3.0,7.5,78,1015.1,2,14,2,240,2,11,0.4,30000,999,3
21-dec-2016 15:00,2,0.0,0,6.0,0,4.8,3.1,7.6,82,1015.6,2,16,2,240,25,81,0.7,30000,999,3
21-dec-2016 16:00,0,0.0,0,5.8,0,4.3,2.1,7.1,77,1016.3,2,12,2,240,2,11,0.2,30000,999,2
21-dec-2016 17:00,0,0.0,0,5.2,0,3.7,1.5,6.8,76,1016.9,2,10,2,250,2,11,0.0,30000,999,2
21-dec-2016 18:00,0,0.0,0,4.9,0,3.5,1.3,6.7,78,1017.5,2,9,2,230,1,81,0.0,30000,999,1
21-dec-2016 19:00,0,0.0,0,4.7,0,3.3,1.1,6.6,78,1018.1,2,11,2,220,2,11,0.0,30000,999,1
21-dec-2016 20:00,0,0.0,0,4.6,0,3.2,1.1,6.6,77,1018.4,2,11,2,230,2,11,0.0,30000,999,1
21-dec-2016 21:00,0,0.0,0,4.7,0,3.2,0.8,6.5,76,1018.7,2,12,2,220,2,11,0.0,30000,999,1
21-dec-2016 22:00,0,0.0,0,4.8,0,3.1,0.5,6.3,73,1018.8,2,12,2,220,2,11,0.0,30000,999,1
21-dec-2016 23:00,0,0.0,0,5.0,0,3.4,0.8,6.5,75,1018.7,2,12,2,220,2,11,0.0,30000,999,1
22-dec-2016 00:00,0,0.0,0,4.9,0,3.4,1.0,6.6,76,1018.6,2,13,2,220,2,11,0.0,30000,190,6
22-dec-2016 01:00,0,0.0,0,5.4,0,3.7,1.1,6.6,74,1018.5,2,13,2,210,2,11,0.0,30000,200,6
22-dec-2016 02:00,2,0.0,0,5.7,0,3.9,1.1,6.6,72,1018.3,2,15,2,220,80,82,0.0,30000,60,7
22-dec-2016 03:00,0,0.0,0,5.7,0,4.0,1.4,6.8,74,1018.2,2,15,2,230,1,82,0.0,30000,999,4
22-dec-2016 04:00,0,0.1,0,5.2,0,3.8,1.7,6.9,78,1018.3,2,16,2,230,25,81,0.0,30000,200,5
22-dec-2016 05:00,0,0.0,0,5.2,0,3.8,1.8,6.9,78,1018.7,2,16,2,230,2,11,0.0,30000,200,6
22-dec-2016 06:00,2,0.0,0,5.4,0,4.1,2.3,7.1,80,1019.0,2,14,2,230,80,82,0.0,30000,32,7
22-dec-2016 07:00,0,0.0,0,5.3,0,4.1,2.3,7.2,81,1019.0,2,14,2,230,2,11,0.0,30000,999,3
22-dec-2016 08:00,0,0.0,0,5.4,0,4.2,2.5,7.3,81,1019.7,2,15,2,230,2,11,0.0,35000,999,3
22-dec-2016 09:00,0,0.0,0,5.4,0,4.3,2.7,7.4,83,1020.9,2,12,2,220,2,11,0.3,35000,999,3
22-dec-2016 10:00,0,0.0,0,5.6,0,4.4,2.6,7.4,81,1021.6,2,14,2,240,2,11,0.5,35000,999,3
22-dec-2016 11:00,2,0.0,0,5.8,0,4.8,3.4,7.8,85,1022.1,2,15,2,240,25,81,0.1,35000,200,4
22-dec-2016 12:00,0,0.0,0,6.4,0,5.2,3.5,7.9,82,1022.3,2,13,2,230,2,81,0.3,25000,200,4
22-dec-2016 13:00,0,0.0,0,7.1,0,5.5,3.4,7.7,77,1022.2,2,14,2,230,2,11,0.9,25000,999,4
22-dec-2016 14:00,0,0.0,0,7.5,0,5.7,3.2,7.7,74,1022.7,2,15,2,230,2,11,1.0,25000,999,2
22-dec-2016 15:00,0,0.0,0,7.5,0,5.7,3.2,7.7,74,1023.2,2,14,2,230,2,11,0.7,25000,999,4
22-dec-2016 16:00,0,0.0,0,7.3,0,5.6,3.3,7.7,76,1023.3,2,14,2,230,2,11,0.0,25000,36,6
22-dec-2016 17:00,2,0.0,0,6.6,0,5.2,3.3,7.7,79,1024.0,2,15,2,240,21,62,0.0,25000,200,5
22-dec-2016 18:00,0,0.0,0,6.2,0,5.0,3.4,7.8,82,1024.8,2,13,2,240,1,61,0.0,25000,999,3
22-dec-2016 19:00,0,0.0,0,6.2,0,4.9,3.1,7.6,80,1025.1,2,13,2,230,2,11,0.0,25000,999,2
22-dec-2016 20:00,0,0.0,0,6.0,0,4.8,3.1,7.6,82,1025.7,2,14,2,230,2,11,0.0,25000,999,2
22-dec-2016 21:00,0,0.0,0,6.0,0,4.7,2.9,7.5,80,1026.2,2,11,2,210,2,11,0.0,25000,35,6
22-dec-2016 22:00,0,0.0,0,6.2,0,4.8,2.8,7.5,79,1026.1,2,10,2,210,2,11,0.0,25000,180,7
22-dec-2016 23:00,0,0.0,0,6.0,0,4.6,2.5,7.4,79,1025.7,2,10,2,200,2,11,0.0,25000,180,7
23-dec-2016 00:00,0,0.0,0,6.7,0,5.2,3.0,7.6,78,1025.2,2,9,2,200,2,11,0.0,25000,150,7
23-dec-2016 01:00,0,0.0,0,7.3,0,5.7,3.6,7.9,77,1024.3,2,10,2,200,2,11,0.0,25000,150,7
23-dec-2016 02:00,0,0.0,0,7.4,0,5.6,3.2,7.7,74,1023.1,2,12,2,200,2,11,0.0,25000,170,7
23-dec-2016 03:00,0,0.0,0,7.8,0,6.0,3.5,7.9,75,1022.1,2,11,2,190,2,11,0.0,25000,38,7
23-dec-2016 04:00,0,0.0,0,8.5,0,6.7,4.4,8.4,75,1020.5,2,15,2,190,2,11,0.0,25000,150,7
23-dec-2016 05:00,0,0.0,0,8.8,0,6.9,4.4,8.4,74,1018.5,2,15,2,200,2,11,0.0,25000,38,7
23-dec-2016 06:00,2,0.0,0,9.0,0,7.4,5.5,9.0,79,1016.4,2,18,2,190,60,62,0.0,25000,80,8
23-dec-2016 07:00,0,0.1,0,9.2,0,7.6,5.7,9.2,79,1014.4,2,18,2,190,60,62,0.0,25000,70,8
23-dec-2016 08:00,2,0.0,0,9.8,0,8.0,5.9,9.3,77,1012.4,2,22,2,200,21,62,0.0,25000,80,8
23-dec-2016 09:00,0,0.0,0,10.5,0,8.7,6.7,9.8,77,1011.2,2,22,2,200,2,62,0.0,25000,23,7
23-dec-2016 10:00,0,0.2,0,10.5,0,9.3,8.1,10.7,85,1010.0,2,25,2,200,60,62,0.0,8000,20,8
23-dec-2016 11:00,0,0.6,0,10.8,0,9.8,8.8,11.3,87,1007.4,2,24,2,200,61,66,0.0,8000,35,8
23-dec-2016 12:00,2,0.0,0,11.4,0,10.5,9.7,12.0,89,1006.4,2,27,2,210,60,62,0.0,7000,20,8
23-dec-2016 13:00,0,4.4,0,7.5,0,6.7,5.7,9.2,88,1009.0,2,26,2,270,63,66,0.0,3000,14,8
23-dec-2016 14:00,0,0.1,0,8.1,0,7.0,5.6,9.1,85,1008.9,2,21,2,240,21,62,0.7,18000,40,5
23-dec-2016 15:00,0,0.3,0,7.5,0,6.0,4.1,8.1,79,1010.6,2,26,2,250,25,86,0.6,16000,999,3
23-dec-2016 16:00,0,0.0,0,7.6,0,5.8,3.4,7.8,75,1012.5,2,24,2,260,15,11,0.0,20000,30,6
23-dec-2016 17:00,0,0.0,0,7.0,0,5.0,2.0,7.1,71,1014.0,2,20,2,260,2,11,0.0,20000,999,3
23-dec-2016 18:00,0,0.0,0,6.0,0,4.4,2.0,7.1,76,1015.4,2,20,2,250,1,86,0.0,20000,999,2
23-dec-2016 19:00,0,0.0,0,5.4,0,4.1,2.2,7.1,80,1016.8,2,19,2,250,2,11,0.0,18000,999,2
23-dec-2016 20:00,0,0.0,0,5.5,0,3.8,1.3,6.7,74,1018.0,2,17,2,240,2,11,0.0,18000,999,1
23-dec-2016 21:00,0,0.0,0,5.2,0,3.6,1.1,6.6,75,1018.6,2,19,2,240,2,11,0.0,18000,999,1
23-dec-2016 22:00,0,0.0,0,4.9,0,3.6,1.6,6.9,79,1019.0,2,18,2,240,2,11,0.0,17000,999,1
23-dec-2016 23:00,0,0.0,0,4.9,0,3.5,1.2,6.7,78,1019.1,2,18,2,240,2,11,0.0,17000,999,1
24-dec-2016 00:00,0,0.0,0,5.3,0,3.6,0.9,6.5,74,1018.7,2,22,2,240,2,11,0.0,17000,999,4
24-dec-2016 01:00,0,0.0,0,5.9,0,4.1,1.4,6.7,73,1018.6,2,23,2,240,2,11,0.0,17000,38,7
24-dec-2016 02:00,0,0.0,0,5.7,0,4.1,1.8,6.9,75,1019.4,2,23,2,240,2,11,0.0,17000,40,6
24-dec-2016 03:00,0,0.0,0,5.6,0,4.2,2.1,7.1,78,1020.1,2,21,2,240,2,11,0.0,20000,43,7
24-dec-2016 04:00,2,0.0,0,5.3,0,4.3,2.9,7.5,84,1019.9,2,19,2,240,80,82,0.0,15000,29,7
24-dec-2016 05:00,2,0.0,0,5.7,0,4.7,3.2,7.7,85,1019.7,2,19,2,230,25,82,0.0,20000,29,7
24-dec-2016 06:00,0,0.0,0,6.1,0,5.0,3.4,7.8,83,1019.4,2,20,2,230,2,82,0.0,20000,200,7
24-dec-2016 07:00,0,0.3,0,6.0,0,5.3,4.3,8.3,89,1020.1,2,21,2,240,80,82,0.0,12000,42,7
24-dec-2016 08:00,0,0.0,0,6.1,0,5.3,4.2,8.3,88,1020.5,2,19,2,240,2,11,0.0,18000,250,7
24-dec-2016 09:00,0,0.0,0,6.5,0,5.5,4.2,8.2,85,1020.5,2,19,2,240,2,82,0.0,20000,230,7
24-dec-2016 10:00,0,0.0,0,6.7,0,5.7,4.5,8.4,85,1020.5,2,18,2,240,2,11,0.0,20000,200,6
24-dec-2016 11:00,0,0.0,0,7.5,0,6.2,4.6,8.4,81,1020.3,2,20,2,240,2,11,0.0,20000,200,6
24-dec-2016 12:00,0,0.0,0,8.5,0,7.0,5.1,8.8,79,1019.8,2,22,2,240,2,82,0.3,25000,200,6
24-dec-2016 13:00,0,0.0,0,9.0,0,7.5,5.6,9.2,80,1020.1,2,21,2,240,2,11,0.0,25000,24,7
24-dec-2016 14:00,0,0.0,0,9.7,0,7.7,5.4,8.9,74,1019.8,2,17,2,240,2,11,0.1,25000,22,7
24-dec-2016 15:00,0,0.0,0,9.4,0,7.8,5.8,9.3,79,1020.4,2,17,2,240,2,11,0.1,25000,20,7
24-dec-2016 16:00,0,0.2,0,8.5,0,7.8,7.0,10.0,90,1020.5,2,14,2,230,60,62,0.0,18000,25,7
24-dec-2016 17:00,0,1.5,0,8.3,0,7.8,7.2,10.2,93,1020.6,2,13,2,230,61,66,0.0,14000,10,7
24-dec-2016 18:00,0,0.3,0,8.3,0,7.8,7.3,10.2,93,1020.1,2,15,2,220,61,62,0.0,18000,8,7
24-dec-2016 19:00,0,0.1,0,8.7,0,8.0,7.3,10.2,90,1018.6,2,17,2,220,21,65,0.0,20000,9,7
24-dec-2016 20:00,2,0.0,0,8.8,0,8.1,7.4,10.2,90,1017.5,2,19,2,220,50,52,0.0,20000,10,7
24-dec-2016 21:00,2,0.0,0,9.4,0,8.5,7.4,10.4,88,1017.0,2,21,2,230,20,65,0.0,18000,10,7
24-dec-2016 22:00,2,0.0,0,9.9,0,8.9,7.9,10.6,87,1016.6,2,23,2,230,20,52,0.0,17000,12,8
24-dec-2016 23:00,0,0.0,0,10.5,0,9.6,8.7,11.2,88,1016.2,2,25,2,240,2,11,0.0,17000,15,8
25-dec-2016 00:00,0,0.0,0,11.1,0,10.2,9.3,11.7,89,1016.7,2,22,2,240,2,65,0.0,17000,12,8
25-dec-2016 01:00,2,0.0,0,11.4,0,10.5,9.6,12.0,89,1016.4,2,22,2,240,20,52,0.0,17000,15,8
25-dec-2016 02:00,0,0.0,0,11.9,0,10.7,9.6,11.9,85,1016.7,2,18,2,240,2,11,0.0,20000,16,8
25-dec-2016 03:00,2,0.0,0,11.7,0,10.8,10.0,12.2,89,1017.0,2,15,2,230,58,65,0.0,17000,15,8
25-dec-2016 04:00,2,0.0,0,12.2,0,11.0,9.9,12.2,86,1016.5,2,15,2,230,50,65,0.0,17000,16,8
25-dec-2016 05:00,2,0.0,0,12.2,0,11.0,9.9,12.2,86,1016.0,2,18,2,230,58,65,0.0,17000,20,8
25-dec-2016 06:00,2,0.0,0,11.7,0,10.9,10.2,12.4,90,1015.9,2,18,2,230,58,65,0.0,17000,11,8
25-dec-2016 07:00,2,0.0,0,11.8,0,11.0,10.2,12.5,90,1014.9,2,15,2,230,58,65,0.0,12000,14,8
25-dec-2016 08:00,2,0.0,0,11.9,0,10.7,9.6,11.9,85,1014.8,2,17,2,230,58,65,0.0,20000,15,8
25-dec-2016 09:00,0,0.1,0,12.1,0,10.1,8.0,10.8,76,1014.2,2,18,2,230,21,65,0.1,30000,40,7
25-dec-2016 10:00,0,0.0,0,12.3,0,10.2,8.1,10.8,75,1014.2,2,20,2,230,2,11,0.0,30000,25,7
25-dec-2016 11:00,0,0.0,0,12.6,0,10.6,8.6,11.2,77,1014.3,2,20,2,230,2,11,0.0,30000,20,7
25-dec-2016 12:00,0,0.0,0,12.9,0,11.0,9.2,11.6,78,1013.3,2,22,2,230,2,65,0.0,30000,20,7
25-dec-2016 13:00,0,0.0,0,12.9,0,11.4,9.9,12.3,83,1012.7,2,24,2,230,2,11,0.6,30000,24,5
25-dec-2016 14:00,0,0.0,0,13.2,0,11.6,10.1,12.4,82,1012.6,2,23,2,230,2,11,0.3,25000,16,7
25-dec-2016 15:00,0,1.6,0,10.0,0,9.2,8.4,11.0,90,1013.8,2,22,2,230,58,65,0.0,25000,10,8
25-dec-2016 16:00,2,0.0,0,8.8,0,7.7,6.5,9.6,85,1014.9,2,22,2,260,21,65,0.0,12000,40,8
25-dec-2016 17:00,0,0.0,0,8.7,0,6.8,4.3,8.4,74,1015.4,2,20,2,260,2,11,0.0,12000,60,8
25-dec-2016 18:00,0,0.0,0,8.0,0,6.0,3.3,7.7,72,1016.2,2,20,2,260,2,65,0.0,12000,70,8
25-dec-2016 19:00,0,0.0,0,7.9,0,6.2,4.0,8.1,76,1016.6,2,17,2,250,2,11,0.0,12000,90,8
25-dec-2016 20:00,0,0.0,0,7.8,0,5.8,3.0,7.6,72,1017.4,2,20,2,250,2,11,0.0,20000,90,8
25-dec-2016 21:00,0,0.0,0,7.1,0,5.2,2.4,7.3,73,1017.8,2,20,2,250,2,11,0.0,20000,90,8
25-dec-2016 22:00,0,0.0,0,6.5,0,4.9,2.6,7.4,76,1018.4,2,18,2,250,2,11,0.0,20000,999,3
25-dec-2016 23:00,0,0.0,0,6.0,0,4.6,2.7,7.4,79,1019.2,2,17,2,240,2,11,0.0,20000,999,3
26-dec-2016 00:00,0,0.0,0,6.0,0,4.3,1.8,6.9,74,1019.5,2,19,2,240,2,11,0.0,20000,999,3
26-dec-2016 01:00,2,0.0,0,5.3,0,4.1,2.4,7.2,81,1020.3,2,22,2,250,25,81,0.0,20000,999,3
26-dec-2016 02:00,0,0.4,0,4.5,0,3.5,2.0,7.0,84,1021.4,2,22,2,260,25,82,0.0,20000,28,6
26-dec-2016 03:00,0,0.0,0,4.7,0,3.2,0.8,6.5,76,1022.3,2,20,2,260,1,81,0.0,20000,28,4
26-dec-2016 04:00,0,0.0,0,4.0,0,2.5,0.1,6.1,75,1023.8,2,21,2,260,2,11,0.0,20000,28,4
26-dec-2016 05:00,0,0.0,0,3.9,0,2.3,-0.5,5.9,73,1024.7,2,19,2,260,2,11,0.0,20000,40,4
26-dec-2016 06:00,0,0.0,0,3.4,0,1.9,-0.8,5.8,75,1026.1,2,18,2,250,1,81,0.0,20000,40,4
26-dec-2016 07:00,0,0.0,0,3.6,0,2.1,-0.4,5.9,75,1026.7,2,17,2,250,2,11,0.0,20000,40,4
26-dec-2016 08:00,0,0.0,0,3.7,0,2.5,0.4,6.4,80,1027.5,2,19,2,250,2,11,0.0,20000,999,3
26-dec-2016 09:00,0,0.0,0,3.3,0,2.4,0.8,6.5,85,1029.6,2,18,2,250,2,11,0.2,30000,999,1
26-dec-2016 10:00,0,0.0,0,3.8,0,2.7,1.0,6.5,82,1031.4,2,16,2,250,2,11,1.0,30000,999,1
26-dec-2016 11:00,0,0.0,0,4.8,0,3.3,1.0,6.5,76,1032.3,2,13,2,250,2,11,1.0,30000,999,1
26-dec-2016 12:00,0,0.0,0,5.7,0,3.9,1.1,6.6,72,1032.8,2,18,2,250,2,11,1.0,30000,999,1
26-dec-2016 13:00,0,0.0,0,6.4,0,4.3,1.1,6.6,69,1033.8,2,15,2,250,2,11,1.0,30000,999,2
26-dec-2016 14:00,0,0.0,0,6.8,0,4.4,0.6,6.4,65,1034.3,2,14,2,250,2,11,1.0,30000,999,2
26-dec-2016 15:00,0,0.0,0,6.2,0,4.1,0.8,6.5,69,1034.9,2,13,2,250,2,11,1.0,30000,999,3
26-dec-2016 16:00,0,0.0,0,5.5,0,3.8,1.1,6.7,74,1035.6,2,12,2,250,2,11,0.0,30000,999,3
26-dec-2016 17:00,0,0.0,0,4.7,0,3.3,1.2,6.6,78,1036.4,2,10,2,250,2,11,0.0,30000,999,3
26-dec-2016 18:00,0,0.0,0,4.8,0,3.4,1.2,6.7,78,1036.7,2,11,2,240,2,11,0.0,30000,999,3
26-dec-2016 19:00,0,0.0,0,4.8,0,3.3,0.8,6.5,76,1037.8,2,12,2,250,2,11,0.0,30000,999,2
26-dec-2016 20:00,0,0.0,0,4.3,0,3.0,0.8,6.5,79,1037.9,2,12,2,240,2,11,0.0,30000,999,2
26-dec-2016 21:00,0,0.0,0,4.0,0,2.7,0.7,6.4,78,1038.2,2,14,2,250,2,11,0.0,30000,999,1
26-dec-2016 22:00,0,0.0,0,3.4,0,2.4,0.7,6.5,83,1039.1,2,10,2,250,2,11,0.0,30000,999,1
26-dec-2016 23:00,0,0.0,0,2.9,0,1.9,0.1,6.2,83,1039.6,2,8,2,250,2,11,0.0,30000,999,1
27-dec-2016 00:00,0,0.0,0,2.1,0,1.3,0.0,6.1,85,1040.0,2,6,2,230,2,11,0.0,30000,999,1
27-dec-2016 01:00,0,0.0,0,2.9,0,1.9,0.3,6.2,83,1040.3,2,6,2,230,2,11,0.0,30000,999,1
27-dec-2016 02:00,0,0.0,0,3.6,0,2.4,0.4,6.3,80,1040.7,2,7,2,230,2,11,0.0,30000,999,3
27-dec-2016 03:00,0,0.0,0,4.2,0,2.8,0.5,6.3,77,1040.8,2,6,2,230,2,11,0.0,30000,35,6
27-dec-2016 04:00,0,0.0,0,4.0,0,2.4,-0.2,6.0,74,1041.0,2,8,2,250,2,11,0.0,30000,35,4
27-dec-2016 05:00,0,0.0,0,3.4,0,2.0,-0.3,5.9,76,1041.3,2,7,2,240,2,11,0.0,30000,999,2
27-dec-2016 06:00,0,0.0,0,3.1,0,1.8,-0.4,5.9,78,1041.5,2,6,2,220,2,11,0.0,30000,40,4
27-dec-2016 07:00,3,0.0,0,2.1,0,1.0,-1.1,5.7,80,1041.4,2,6,2,210,2,11,0.0,30000,999,3
27-dec-2016 08:00,3,0.0,0,1.6,0,0.6,-1.1,5.6,81,1041.1,2,5,2,160,2,11,0.0,30000,999,3
27-dec-2016 09:00,3,0.0,0,1.3,0,0.5,-1.1,5.7,85,1041.3,2,5,2,140,2,11,0.0,30000,999,3
27-dec-2016 10:00,3,0.0,0,2.8,0,1.6,-0.6,5.9,79,1041.6,2,5,2,180,2,11,0.0,30000,200,6
27-dec-2016 11:00,0,0.0,0,3.9,0,2.7,0.7,6.5,80,1041.9,2,5,2,150,2,11,0.2,30000,200,6
27-dec-2016 12:00,0,0.0,0,5.4,0,4.0,2.0,7.0,78,1041.8,2,2,2,140,2,11,0.0,35000,150,6
27-dec-2016 13:00,0,0.0,0,8.2,0,5.5,1.6,6.9,63,1041.0,2,3,2,140,2,11,0.8,35000,200,6
27-dec-2016 14:00,0,0.0,0,6.9,0,5.0,2.2,7.2,72,1041.1,2,4,2,170,2,11,0.4,30000,200,7
27-dec-2016 15:00,0,0.0,0,7.4,0,5.3,2.3,7.2,70,1040.8,2,5,2,170,2,11,0.1,30000,200,4
27-dec-2016 16:00,0,0.0,0,7.5,0,5.4,2.4,7.3,70,1041.1,2,5,2,130,2,11,0.0,30000,32,7
27-dec-2016 17:00,0,0.0,0,7.1,0,5.0,2.0,7.0,70,1040.9,2,7,2,180,2,11,0.0,30000,30,6
27-dec-2016 18:00,0,0.0,0,6.3,0,4.5,1.8,7.0,73,1041.0,2,6,2,180,2,11,0.0,30000,30,7
27-dec-2016 19:00,0,0.0,0,6.7,0,4.7,1.7,6.9,71,1040.8,2,5,2,140,2,11,0.0,30000,32,7
27-dec-2016 20:00,0,0.0,0,6.2,0,4.5,1.9,7.1,75,1041.0,2,6,2,140,2,11,0.0,30000,32,6
27-dec-2016 21:00,0,0.0,0,6.5,0,4.7,2.1,7.1,73,1040.6,2,8,2,140,2,11,0.0,30000,35,7
27-dec-2016 22:00,0,0.0,0,6.8,0,5.0,2.5,7.3,74,1040.4,2,7,2,170,2,11,0.0,30000,38,6
27-dec-2016 23:00,0,0.0,0,6.5,0,5.2,3.5,7.8,81,1040.3,2,9,2,170,2,11,0.0,30000,38,7
28-dec-2016 00:00,0,0.0,0,6.7,0,5.8,4.7,8.5,87,1040.2,2,8,2,160,2,11,0.0,30000,38,7
28-dec-2016 01:00,0,0.0,0,6.8,0,6.0,5.0,8.7,88,1040.0,2,6,2,150,2,11,0.0,30000,38,7
28-dec-2016 02:00,0,0.0,0,6.7,0,5.7,4.4,8.4,85,1039.7,2,6,2,150,2,11,0.0,30000,45,7
28-dec-2016 03:00,0,0.0,0,5.5,0,4.8,3.9,8.0,89,1039.8,2,4,2,170,2,11,0.0,30000,45,7
28-dec-2016 04:00,0,0.0,0,7.1,0,5.7,3.7,8.0,80,1039.3,2,5,2,190,2,11,0.0,30000,45,7
28-dec-2016 05:00,0,0.0,0,5.9,0,4.8,3.2,7.7,83,1039.0,2,6,2,180,2,11,0.0,30000,42,6
28-dec-2016 06:00,3,0.0,0,3.6,0,2.9,1.7,7.0,88,1038.9,2,5,2,190,2,11,0.0,30000,42,4
28-dec-2016 07:00,3,0.0,0,1.3,0,1.0,0.6,6.3,94,1038.7,2,4,2,150,2,11,0.0,30000,999,2
28-dec-2016 08:00,3,0.0,1,-0.3,1,-0.5,-0.9,5.7,96,1038.5,2,5,2,150,2,11,0.0,30000,999,2
28-dec-2016 09:00,3,0.0,0,0.6,0,0.5,0.2,6.3,98,1038.6,2,3,2,140,2,11,0.3,20000,999,2
28-dec-2016 10:00,3,0.0,0,2.2,0,2.1,2.0,7.0,98,1038.7,2,1,2,130,2,11,1.0,20000,999,1
28-dec-2016 11:00,0,0.0,0,5.9,0,5.5,4.9,8.7,94,1038.7,2,1,2,160,2,11,1.0,20000,999,1
28-dec-2016 12:00,0,0.0,0,8.3,0,6.7,4.7,8.5,78,1038.3,2,1,2,170,2,11,1.0,20000,999,1
28-dec-2016 13:00,0,0.0,0,10.4,0,7.6,4.1,8.2,65,1037.4,2,2,2,160,2,11,1.0,20000,999,1
28-dec-2016 14:00,0,0.0,0,11.1,0,7.9,3.8,8.1,61,1036.7,2,3,2,170,2,11,1.0,20000,999,1
28-dec-2016 15:00,0,0.0,0,8.9,0,6.9,4.3,8.3,73,1036.1,2,5,2,150,2,11,1.0,20000,999,1
28-dec-2016 16:00,0,0.0,0,7.5,0,5.9,3.8,8.0,77,1035.8,2,6,2,150,2,11,0.4,25000,999,1
28-dec-2016 17:00,0,0.0,0,2.7,0,2.2,1.4,6.8,91,1035.8,2,5,2,150,2,11,0.0,25000,999,1
28-dec-2016 18:00,3,0.0,0,1.1,0,0.8,0.2,6.2,94,1036.1,2,3,2,150,2,11,0.0,25000,999,1
28-dec-2016 19:00,3,0.0,0,0.6,0,0.4,0.1,6.1,96,1036.0,2,2,2,150,2,11,0.0,25000,999,1
28-dec-2016 20:00,3,0.0,1,-0.6,1,-0.7,-1.0,5.7,98,1036.0,2,2,2,320,11,0,0.0,7000,999,1
28-dec-2016 21:00,3,0.0,1,-0.6,1,-0.7,-0.8,5.7,98,1035.8,2,2,2,320,46,40,0.0,900,999,1
28-dec-2016 22:00,3,0.0,0,0.1,0,0.0,-0.2,6.0,98,1035.8,2,2,2,170,28,40,0.0,2500,999,1
28-dec-2016 23:00,3,0.0,0,0.7,0,0.6,0.5,6.3,98,1035.7,2,4,2,200,10,0,0.0,3000,999,1
29-dec-2016 00:00,3,0.0,1,-2.0,1,-2.1,-2.3,5.2,98,1035.2,2,1,2,140,10,40,0.0,8000,999,1
29-dec-2016 01:00,3,0.0,0,1.5,0,1.4,1.1,6.7,98,1034.8,2,5,2,190,10,0,0.0,8000,999,1
29-dec-2016 02:00,3,0.0,0,1.5,0,1.5,1.4,6.8,100,1034.7,2,3,2,180,10,11,0.0,14000,22,5
29-dec-2016 03:00,3,0.0,0,3.3,0,3.1,2.9,7.5,97,1034.4,2,2,2,180,2,11,0.0,16000,20,7
29-dec-2016 04:00,3,0.0,0,3.2,0,2.7,1.9,7.0,91,1033.8,2,6,2,180,2,11,0.0,16000,999,3
29-dec-2016 05:00,3,0.0,0,1.2,0,0.7,-0.1,6.0,90,1033.8,2,3,2,170,2,11,0.0,16000,999,1
29-dec-2016 06:00,3,0.0,0,0.7,0,0.6,0.5,6.3,98,1033.5,2,4,2,210,2,11,0.0,18000,999,1
29-dec-2016 07:00,3,0.0,0,1.5,0,1.3,1.0,6.5,96,1033.3,2,2,2,190,2,11,0.0,20000,999,3
29-dec-2016 08:00,3,0.0,0,1.8,0,1.7,1.5,6.8,98,1033.6,2,3,2,180,2,11,0.0,25000,40,6
29-dec-2016 09:00,0,0.0,0,4.7,0,4.3,3.7,8.0,93,1033.5,2,5,2,200,2,11,0.0,35000,38,7
29-dec-2016 10:00,0,0.0,0,6.3,0,5.6,4.6,8.5,89,1033.5,2,6,2,210,2,11,0.0,40000,43,7
29-dec-2016 11:00,0,0.0,0,8.0,0,6.8,5.3,8.9,83,1033.3,2,6,2,200,2,11,0.0,40000,43,7
29-dec-2016 12:00,0,0.0,0,8.8,0,7.3,5.5,9.0,80,1033.0,2,6,2,210,2,11,0.0,40000,43,7
29-dec-2016 13:00,0,0.0,0,9.0,0,7.5,5.6,9.2,80,1032.5,2,7,2,210,2,11,0.0,40000,43,7
29-dec-2016 14:00,0,0.0,0,9.3,0,7.7,5.7,9.2,79,1031.8,2,7,2,200,2,11,0.0,40000,40,7
29-dec-2016 15:00,0,0.0,0,9.4,0,7.7,5.6,9.1,78,1031.3,2,8,2,200,2,11,0.0,40000,40,7
29-dec-2016 16:00,0,0.0,0,9.3,0,7.7,5.8,9.2,79,1031.4,2,8,2,200,2,11,0.0,40000,40,7
29-dec-2016 17:00,0,0.0,0,9.8,0,7.9,5.6,9.1,75,1031.6,2,7,2,200,2,11,0.0,40000,40,7
29-dec-2016 18:00,0,0.0,0,7.6,0,6.4,4.9,8.6,83,1031.4,2,8,2,190,2,11,0.0,35000,999,4
29-dec-2016 19:00,0,0.0,0,9.0,0,7.6,6.0,9.3,81,1031.5,2,6,2,190,2,11,0.0,35000,999,4
29-dec-2016 20:00,0,0.0,0,9.4,0,7.8,5.9,9.3,79,1031.5,2,7,2,200,2,11,0.0,35000,250,6
29-dec-2016 21:00,0,0.0,0,9.3,0,7.7,5.8,9.2,79,1031.6,2,11,2,230,2,11,0.0,30000,250,6
29-dec-2016 22:00,0,0.0,0,9.0,0,7.6,6.0,9.3,81,1031.6,2,14,2,240,2,11,0.0,30000,999,3
29-dec-2016 23:00,0,0.0,0,9.0,0,7.7,6.2,9.5,82,1031.9,2,16,2,240,2,11,0.0,30000,999,3
30-dec-2016 00:00,0,0.0,0,9.4,0,7.9,6.2,9.4,80,1031.8,2,10,2,220,2,11,0.0,30000,999,3
30-dec-2016 01:00,0,0.0,0,8.4,0,7.3,5.9,9.3,85,1031.8,2,10,2,230,2,11,0.0,30000,999,3
30-dec-2016 02:00,0,0.0,0,8.6,0,7.7,6.6,9.8,88,1031.6,2,8,2,210,2,11,0.0,30000,999,3
30-dec-2016 03:00,0,0.0,0,8.8,0,8.0,7.0,10.1,89,1031.7,2,9,2,210,2,11,0.0,30000,999,3
30-dec-2016 04:00,0,0.0,0,9.1,0,8.2,7.2,10.1,88,1031.6,2,10,2,230,2,11,0.0,30000,25,4
30-dec-2016 05:00,0,0.0,0,10.3,0,8.8,7.1,10.1,81,1031.0,2,13,2,230,2,11,0.0,30000,30,4
30-dec-2016 06:00,0,0.0,0,10.7,0,9.0,7.1,10.1,79,1031.2,2,11,2,230,2,11,0.0,30000,30,5
30-dec-2016 07:00,0,0.0,0,10.7,0,9.0,7.2,10.1,79,1031.5,2,11,2,230,2,11,0.0,30000,30,4
30-dec-2016 08:00,0,0.0,0,10.0,0,8.8,7.4,10.4,84,1032.2,2,8,2,210,2,11,0.0,30000,40,6
30-dec-2016 09:00,0,0.0,0,10.6,0,9.2,7.8,10.5,82,1032.1,2,9,2,210,2,11,0.0,25000,39,7
30-dec-2016 10:00,0,0.0,0,11.0,0,9.5,7.9,10.7,81,1032.3,2,11,2,210,2,11,0.0,30000,30,7
30-dec-2016 11:00,0,0.0,0,11.3,0,9.7,8.1,10.7,80,1032.4,2,12,2,220,2,11,0.0,30000,34,7
30-dec-2016 12:00,0,0.0,0,11.5,0,9.9,8.2,10.9,80,1031.7,2,13,2,230,2,11,0.0,30000,34,7
30-dec-2016 13:00,0,0.0,0,11.8,0,9.8,7.7,10.5,76,1031.4,2,13,2,220,2,11,0.0,35000,35,7
30-dec-2016 14:00,0,0.0,0,11.8,0,9.7,7.4,10.3,75,1031.0,2,12,2,220,2,11,0.0,30000,38,7
30-dec-2016 15:00,0,0.0,0,11.6,0,9.6,7.5,10.3,76,1030.8,2,14,2,230,2,11,0.0,30000,39,7
30-dec-2016 16:00,0,0.0,0,11.3,0,9.5,7.6,10.4,78,1030.8,2,13,2,230,2,11,0.0,25000,39,7
30-dec-2016 17:00,0,0.0,0,10.8,0,9.3,7.8,10.5,81,1031.0,2,12,2,220,2,11,0.0,20000,39,7
30-dec-2016 18:00,0,0.0,0,11.0,0,9.5,8.0,10.7,81,1030.9,2,11,2,230,2,11,0.0,20000,24,7
30-dec-2016 19:00,0,0.0,0,10.8,0,9.3,7.8,10.5,81,1031.1,2,13,2,230,2,11,0.0,20000,31,7
30-dec-2016 20:00,0,0.0,0,10.6,0,9.3,8.0,10.7,84,1031.0,2,12,2,240,2,11,0.0,20000,34,7
30-dec-2016 21:00,0,0.0,0,11.0,0,9.3,7.4,10.3,79,1031.0,2,12,2,220,2,11,0.0,20000,32,7
30-dec-2016 22:00,0,0.0,0,10.7,0,9.0,7.2,10.1,79,1030.7,2,12,2,230,2,11,0.0,20000,32,7
30-dec-2016 23:00,0,0.0,0,10.3,0,8.7,7.0,10.0,80,1030.5,2,13,2,230,2,11,0.0,30000,32,7
31-dec-2016 00:00,0,0.0,0,10.2,0,8.6,6.9,9.9,80,1030.3,2,12,2,230,2,11,0.0,30000,32,7
31-dec-2016 01:00,0,0.0,0,10.2,0,8.6,6.8,9.9,80,1030.1,2,11,2,230,2,11,0.0,30000,30,7
31-dec-2016 02:00,0,0.0,0,10.1,0,8.5,6.7,9.8,79,1029.7,2,12,2,230,2,11,0.0,30000,30,7
31-dec-2016 03:00,0,0.0,0,9.2,0,7.9,6.4,9.6,83,1029.4,2,10,2,220,2,11,0.0,30000,30,5
31-dec-2016 04:00,0,0.0,0,8.7,0,7.6,6.2,9.6,85,1029.3,2,7,2,210,2,11,0.0,30000,999,3
31-dec-2016 05:00,0,0.0,0,8.6,0,7.3,5.8,9.2,82,1029.0,2,8,2,230,2,11,0.0,30000,30,6
31-dec-2016 06:00,0,0.0,0,9.6,0,8.0,6.2,9.4,79,1028.7,2,12,2,220,2,11,0.0,30000,30,6
31-dec-2016 07:00,0,0.0,0,9.8,0,8.0,5.8,9.3,77,1028.6,2,14,2,230,2,11,0.0,30000,30,6
31-dec-2016 08:00,0,0.0,0,9.4,0,7.9,6.2,9.4,80,1028.7,2,12,2,220,2,11,0.0,30000,30,7
31-dec-2016 09:00,0,0.0,0,9.4,0,8.1,6.5,9.8,83,1028.5,2,10,2,210,2,11,0.0,30000,30,7
31-dec-2016 10:00,0,0.0,0,9.2,0,7.7,6.0,9.3,80,1028.4,2,13,2,210,2,11,0.1,30000,30,7
31-dec-2016 11:00,0,0.0,0,9.5,0,7.8,5.9,9.2,78,1027.9,2,13,2,220,2,11,1.0,30000,999,3
31-dec-2016 12:00,0,0.0,0,9.6,0,7.9,5.8,9.3,78,1027.1,2,16,2,230,2,11,0.5,30000,35,5
31-dec-2016 13:00,0,0.0,0,9.5,0,7.9,6.1,9.4,79,1026.3,2,18,2,240,2,11,0.0,30000,35,5
31-dec-2016 14:00,0,0.0,0,9.8,0,8.1,6.1,9.4,78,1025.5,2,17,2,230,2,11,0.0,30000,35,5
31-dec-2016 15:00,0,0.0,0,9.8,0,8.0,5.9,9.3,77,1024.4,2,17,2,230,2,11,0.0,30000,35,6
31-dec-2016 16:00,0,0.0,0,9.6,0,7.8,5.7,9.1,76,1023.5,2,18,2,230,2,11,0.0,30000,35,5
31-dec-2016 17:00,0,0.0,0,9.6,0,7.6,5.3,8.8,74,1022.6,2,19,2,230,2,11,0.0,30000,35,5
31-dec-2016 18:00,0,0.0,0,9.8,0,7.8,5.3,9.0,74,1021.8,2,19,2,240,2,11,0.0,30000,35,5
31-dec-2016 19:00,0,0.0,0,9.7,0,7.7,5.4,8.9,74,1021.0,2,18,2,230,2,11,0.0,30000,35,5
31-dec-2016 20:00,2,0.0,0,9.7,0,7.9,5.7,9.2,77,1020.2,2,17,2,230,60,62,0.0,20000,60,8
31-dec-2016 21:00,0,0.9,0,8.6,0,7.8,6.8,9.9,89,1019.5,2,17,2,230,61,66,0.0,12000,25,8
31-dec-2016 22:00,0,1.1,0,8.2,0,7.6,7.0,10.0,92,1018.8,2,15,2,230,61,66,0.0,12000,20,8
31-dec-2016 23:00,0,1.9,0,6.5,0,6.0,5.3,8.9,92,1019.5,2,13,2,240,61,66,0.0,20000,40,8
